星际穿越,科幻,类型
辛德勒的名单,剧情,类型
辛德勒的名单,历史,类型
辛德勒的名单,战争,类型
唐伯虎点秋香,古装,类型
唐伯虎点秋香,喜剧,类型
唐伯虎点秋香,爱情,类型
致命ID,剧情,类型
致命ID,悬疑,类型
致命ID,犯罪,类型
致命ID,惊悚,类型
指环王：王者无敌,剧情,类型
指环王：王者无敌,动作,类型
指环王：王者无敌,奇幻,类型
指环王：王者无敌,冒险,类型
城市之光,爱情,类型
城市之光,剧情,类型
城市之光,喜剧,类型
这个男人来自地球,剧情,类型
这个男人来自地球,奇幻,类型
这个男人来自地球,科幻,类型
上帝也疯狂,喜剧,类型
大话西游之大圣娶亲,喜剧,类型
大话西游之大圣娶亲,爱情,类型
大话西游之大圣娶亲,动作,类型
大话西游之大圣娶亲,奇幻,类型
大话西游之大圣娶亲,冒险,类型
放牛班的春天,剧情,类型
放牛班的春天,音乐,类型
天堂电影院,剧情,类型
天堂电影院,爱情,类型
搏击俱乐部,剧情,类型
搏击俱乐部,动作,类型
搏击俱乐部,悬疑,类型
搏击俱乐部,惊悚,类型
龙猫,动画,类型
龙猫,奇幻,类型
龙猫,冒险,类型
恐怖直播,剧情,类型
恐怖直播,悬疑,类型
恐怖直播,犯罪,类型
导盲犬小Q,剧情,类型
导盲犬小Q,喜剧,类型
迁徙的鸟,纪录片,类型
雨中曲,歌舞,类型
雨中曲,爱情,类型
重庆森林,剧情,类型
重庆森林,悬疑,类型
重庆森林,爱情,类型
心迷宫,悬疑,类型
心迷宫,剧情,类型
天空之城,蒸汽朋克,类型
天空之城,冒险,类型
天空之城,动画,类型
幽灵公主,动画,类型
幽灵公主,奇幻,类型
幽灵公主,冒险,类型
哪吒闹海,魔幻电影,类型
美丽心灵的永恒阳光,爱情,类型
美丽心灵的永恒阳光,剧情,类型
变脸,剧情,类型
倩女幽魂,奇幻,类型
倩女幽魂,爱情,类型
倩女幽魂,剧情,类型
倩女幽魂,古装,类型
再次出发之纽约遇见你,喜剧,类型
再次出发之纽约遇见你,爱情,类型
再次出发之纽约遇见你,音乐,类型
美丽心灵,剧情,类型
美丽心灵,传记,类型
电锯惊魂,恐怖,类型
触不可及,爱情,类型
触不可及,战争,类型
楚门的世界,剧情,类型
寿司之神,纪录片,类型
曾经,剧情,类型
曾经,爱情,类型
曾经,音乐,类型
我们俩,剧情,类型
情书,爱情,类型
忠犬八公的故事,剧情,类型
忠犬八公的故事,家庭,类型
海洋,纪录片,类型
叫我第一名,励志,类型
叫我第一名,传记,类型
叫我第一名,轻喜剧,类型
教父,剧情,类型
教父,惊悚,类型
教父,犯罪,类型
罪恶之城,动作,类型
罪恶之城,惊悚,类型
罪恶之城,剧情,类型
蝙蝠侠：黑暗骑士,剧情,类型
蝙蝠侠：黑暗骑士,动作,类型
蝙蝠侠：黑暗骑士,科幻,类型
蝙蝠侠：黑暗骑士,惊悚,类型
蝙蝠侠：黑暗骑士,犯罪,类型
梦之安魂曲,剧情,类型
驯龙高手,喜剧,类型
大闹天宫,动画,类型
大闹天宫,奇幻,类型
夜访吸血鬼,奇幻片,类型
中央车站,剧情,类型
穿越时空的少女,爱情,类型
穿越时空的少女,动画,类型
穿越时空的少女,剧情,类型
侧耳倾听,动画,类型
侧耳倾听,剧情,类型
侧耳倾听,爱情,类型
侧耳倾听,家庭,类型
侧耳倾听,音乐,类型
黑天鹅,剧情,类型
黑天鹅,惊悚,类型
勇敢的心,年代,类型
勇敢的心,传奇,类型
勇敢的心,战争,类型
E.T.外星人,科幻,类型
E.T.外星人,家庭,类型
摩登时代,剧情,类型
摩登时代,喜剧,类型
摩登时代,爱情,类型
致命魔术,悬疑,类型
致命魔术,惊悚,类型
时空恋旅人,剧情,类型
时空恋旅人,爱情,类型
时空恋旅人,科幻,类型
末代皇帝,剧情,类型
巴黎淘气帮,剧情,类型
巴黎淘气帮,家庭,类型
恋恋笔记本,爱情,类型
爱·回家,处境剧,类型
爱·回家,家庭剧,类型
爱·回家,都市剧,类型
爱·回家,伦理剧,类型
爱·回家,爱情,类型
谍影重重,动作,类型
谍影重重,悬疑,类型
谍影重重,惊悚,类型
谍影重重,冒险,类型
心灵捕手,剧情,类型
哈利·波特与魔法石,奇幻,类型
哈利·波特与魔法石,冒险,类型
傲慢与偏见,剧情,类型
傲慢与偏见,爱情,类型
贫民窟的百万富翁,,类型
黄金三镖客,动作,类型
黄金三镖客,冒险,类型
黄金三镖客,西部,类型
国王的演讲,剧情,类型
国王的演讲,历史,类型
国王的演讲,传记,类型
本杰明·巴顿奇事,爱情,类型
本杰明·巴顿奇事,奇幻,类型
勇闯夺命岛,动作,类型
岁月神偷,剧情,类型
哈利·波特与死亡圣器,冒险,类型
哈利·波特与死亡圣器,魔幻,类型
蝴蝶,剧情,类型
一次别离,剧情,类型
侠盗联盟,动作,类型
侠盗联盟,冒险,类型
神偷奶爸,动画,类型
神偷奶爸,奇幻,类型
神偷奶爸,家庭,类型
碧海蓝天,剧情,类型
碧海蓝天,爱情,类型
指环王：护戒使者,剧情,类型
指环王：护戒使者,动作,类型
指环王：护戒使者,奇幻,类型
指环王：护戒使者,冒险,类型
浪潮,剧情,类型
人工智能,剧情,类型
人工智能,科幻,类型
人工智能,冒险,类型
风之谷,动画,类型
剪刀手爱德华,剧情,类型
剪刀手爱德华,爱情,类型
剪刀手爱德华,奇幻,类型
一一,剧情,类型
一一,爱情,类型
一一,家庭,类型
角斗士,动作,类型
角斗士,历史,类型
角斗士,战争,类型
角斗士,爱情,类型
未麻的部屋,惊悚,类型
未麻的部屋,奇幻,类型
未麻的部屋,动画,类型
泰坦尼克号,剧情,类型
泰坦尼克号,爱情,类型
泰坦尼克号,灾难,类型
追随,悬疑,类型
追随,惊悚,类型
追随,犯罪,类型
大鱼,奇幻,类型
少年派的奇幻漂流,剧情,类型
少年派的奇幻漂流,奇幻,类型
少年派的奇幻漂流,冒险,类型
窃听风暴,悬疑,类型
美国往事,剧情,类型
美国往事,犯罪,类型
东京物语,剧情,类型
V字仇杀队,科幻片,类型
低俗小说,剧情,类型
低俗小说,喜剧,类型
低俗小说,犯罪,类型
花样年华,剧情,类型
花样年华,文艺,类型
花样年华,爱情,类型
惊魂记,惊悚,类型
两杆大烟枪,惊悚,类型
两杆大烟枪,剧情,类型
两杆大烟枪,犯罪,类型
两杆大烟枪,喜剧,类型
遗愿清单,剧情片,类型
教父2,剧情,类型
教父2,犯罪,类型
疯狂的石头,喜剧,类型
疯狂的石头,犯罪,类型
阿飞正传,剧情,类型
阿飞正传,文艺,类型
阿飞正传,爱情,类型
可可西里,剧情,类型
小森林,剧情,类型
熔炉,剧情,类型
爱在日落黄昏时,剧情,类型
爱在日落黄昏时,爱情,类型
喜剧之王,剧情,类型
喜剧之王,喜剧,类型
喜剧之王,爱情,类型
布达佩斯大饭店,剧情,类型
布达佩斯大饭店,冒险,类型
布达佩斯大饭店,悬疑,类型
拯救大兵瑞恩,动作,类型
拯救大兵瑞恩,剧情,类型
拯救大兵瑞恩,战争,类型
拯救大兵瑞恩,历史,类型
辩护人,剧情,类型
爆裂鼓手,剧情,类型
爆裂鼓手,音乐,类型
无耻混蛋,动作,类型
无耻混蛋,冒险,类型
无耻混蛋,战争,类型
无耻混蛋,剧情,类型
枪火,动作,类型
枪火,剧情,类型
枪火,犯罪,类型
西西里的美丽传说,剧情,类型
西西里的美丽传说,爱情,类型
西西里的美丽传说,战争,类型
机器人总动员,动画,类型
机器人总动员,科幻,类型
机器人总动员,爱情,类型
上帝之城,剧情,类型
上帝之城,犯罪,类型
活着,剧情,类型
活着,家庭,类型
活着,历史,类型
冰川时代,动画,类型
冰川时代,喜剧,类型
冰川时代,冒险,类型
飞屋环游记,剧情,类型
飞屋环游记,喜剧,类型
飞屋环游记,动画,类型
飞屋环游记,冒险,类型
与狼共舞,谍战,类型
萤火虫之墓,动画,类型
萤火虫之墓,剧情,类型
萤火虫之墓,灾难,类型
绿里奇迹,剧情,类型
绿里奇迹,悬疑,类型
绿里奇迹,犯罪,类型
绿里奇迹,奇幻,类型
疯狂原始人,动画,类型
疯狂原始人,家庭,类型
疯狂原始人,动作,类型
疯狂原始人,奇幻,类型
狮子王,动画,类型
狮子王,家庭,类型
狮子王,冒险,类型
狮子王,歌舞,类型
7号房的礼物,剧情,类型
7号房的礼物,喜剧,类型
7号房的礼物,家庭,类型
无敌破坏王,喜剧,类型
无敌破坏王,动画,类型
无敌破坏王,奇幻,类型
无敌破坏王,冒险,类型
饮食男女,剧情,类型
饮食男女,家庭,类型
杀人回忆,剧情,类型
杀人回忆,惊悚,类型
杀人回忆,悬疑,类型
春光乍泄,剧情,类型
速度与激情5,动作,类型
速度与激情5,犯罪,类型
速度与激情5,剧情,类型
速度与激情5,惊悚,类型
海盗电台,喜剧,类型
海盗电台,剧情,类型
海盗电台,音乐,类型
十二怒汉,剧情,类型
七大罪,少年漫画,类型
七大罪,奇幻,类型
七大罪,冒险,类型
加勒比海盗,动作,类型
加勒比海盗,冒险,类型
加勒比海盗,魔幻,类型
两小无猜,剧情,类型
两小无猜,爱情,类型
战争之王,动作,类型
战争之王,剧情,类型
战争之王,犯罪,类型
战争之王,惊悚,类型
英雄本色,剧情,类型
英雄本色,动作,类型
英雄本色,犯罪,类型
英雄本色,惊悚,类型
撞车,剧情,类型
指环王：双塔奇兵,剧情,类型
指环王：双塔奇兵,动作,类型
指环王：双塔奇兵,奇幻,类型
指环王：双塔奇兵,冒险,类型
燕尾蝶,剧情,类型
荒蛮故事,惊悚,类型
荒蛮故事,剧情,类型
荒蛮故事,喜剧,类型
雨人,剧情,类型
阳光姐妹淘,剧情,类型
阳光姐妹淘,喜剧,类型
荒岛余生,剧情,类型
荒岛余生,冒险,类型
教父3,犯罪,类型
罗生门,剧情,类型
罗生门,悬疑,类型
罗生门,犯罪,类型
罗生门,惊悚,类型
不一样的天空,爱情,类型
不一样的天空,生活,类型
不一样的天空,喜剧,类型
发条橙,惊悚,类型
发条橙,犯罪,类型
发条橙,科幻,类型
发条橙,剧情,类型
海豚湾,纪录片,类型
狩猎,剧情,类型
真爱至上,剧情,类型
真爱至上,喜剧,类型
真爱至上,爱情,类型
偷拐抢骗,喜剧,类型
卡萨布兰卡,剧情,类型
卡萨布兰卡,爱情,类型
卡萨布兰卡,战争,类型
金州勇士队,,类型
猫鼠游戏,剧情,类型
猫鼠游戏,传记,类型
猫鼠游戏,犯罪,类型
红辣椒,动画,类型
月球,剧情,类型
月球,科幻,类型
月球,悬疑,类型
月球,惊悚,类型
月球,经典,类型
告白,剧情,类型
告白,悬疑,类型
告白,惊悚,类型
廊桥遗梦,爱情,类型
末路狂花,冒险,类型
末路狂花,剧情,类型
末路狂花,犯罪,类型
玩具总动员3,喜剧,类型
玩具总动员3,动画,类型
玩具总动员3,奇幻,类型
玩具总动员3,冒险,类型
沉默的羔羊,剧情,类型
沉默的羔羊,惊悚,类型
沉默的羔羊,犯罪,类型
青蛇,奇幻,类型
超能陆战队,喜剧,类型
超能陆战队,动作,类型
超能陆战队,科幻,类型
超能陆战队,动画,类型
超能陆战队,冒险,类型
谍影重重3,动作,类型
谍影重重3,悬疑,类型
谍影重重3,惊悚,类型
谍影重重3,冒险,类型
穆赫兰道,悬疑,类型
穆赫兰道,惊悚,类型
当幸福来敲门,剧情,类型
当幸福来敲门,家庭,类型
当幸福来敲门,传记,类型
盗梦空间,动作,类型
盗梦空间,悬疑,类型
盗梦空间,惊悚,类型
盗梦空间,科幻,类型
这个杀手不太冷,剧情,类型
这个杀手不太冷,动作,类型
这个杀手不太冷,犯罪,类型
阳光灿烂的日子,剧情,类型
哈尔的移动城堡,动画,类型
哈尔的移动城堡,奇幻,类型
哈尔的移动城堡,战争,类型
灵异第六感,剧情,类型
灵异第六感,悬疑,类型
玛丽和马克思,动画,类型
谍影重重2,动作,类型
谍影重重2,剧情,类型
谍影重重2,冒险,类型
谍影重重2,惊悚,类型
断背山,剧情,类型
断背山,爱情,类型
断背山,家庭,类型
我爱你,爱情,类型
我爱你,剧情,类型
东邪西毒,剧情,类型
东邪西毒,动作,类型
东邪西毒,爱情,类型
东邪西毒,武侠,类型
东邪西毒,古装,类型
虎口脱险,喜剧,类型
虎口脱险,战争,类型
大话西游之月光宝盒,喜剧,类型
大话西游之月光宝盒,爱情,类型
大话西游之月光宝盒,动作,类型
大话西游之月光宝盒,奇幻,类型
大话西游之月光宝盒,冒险,类型
鬼子来了,剧情,类型
鬼子来了,喜剧,类型
鬼子来了,,类型
甜蜜蜜,爱情片,类型
大卫·戈尔的一生,剧情,类型
大卫·戈尔的一生,犯罪,类型
大卫·戈尔的一生,悬疑,类型
牯岭街少年杀人事件,爱情,类型
天堂的孩子,剧情,类型
天堂的孩子,家庭,类型
天堂的孩子,儿童,类型
猜火车,剧情,类型
暹罗之恋,爱情,类型
蓝色大门,爱情,类型
蓝色大门,剧情,类型
被嫌弃的松子的一生,剧情,类型
被嫌弃的松子的一生,歌舞,类型
无间道,剧情,类型
无间道,犯罪,类型
无间道,警匪,类型
借东西的小人阿莉埃蒂,动画,类型
借东西的小人阿莉埃蒂,奇幻,类型
借东西的小人阿莉埃蒂,剧情,类型
借东西的小人阿莉埃蒂,家庭,类型
借东西的小人阿莉埃蒂,冒险,类型
七武士,动作,类型
七武士,剧情,类型
七武士,冒险,类型
罗马假日,剧情,类型
罗马假日,喜剧,类型
罗马假日,爱情,类型
菊次郎的夏天,喜剧,类型
美丽人生,剧情,类型
美丽人生,喜剧,类型
美丽人生,爱情,类型
美丽人生,战争,类型
让子弹飞,剧情,类型
让子弹飞,喜剧,类型
让子弹飞,动作,类型
让子弹飞,西部,类型
源代码,科幻,类型
恐怖游轮,剧情,类型
恐怖游轮,悬疑,类型
恐怖游轮,惊悚,类型
变种异煞,科幻,类型
变种异煞,励志,类型
变种异煞,友情,类型
超脱,剧情,类型
黑暗骑士崛起,剧情,类型
黑暗骑士崛起,动作,类型
黑暗骑士崛起,悬疑,类型
黑暗骑士崛起,惊悚,类型
黑暗骑士崛起,犯罪,类型
终结者2：审判日,动作,类型
终结者2：审判日,科幻,类型
我是山姆,剧情,类型
我是山姆,亲情,类型
我是山姆,家庭,类型
英国病人,爱情,类型
怪兽电力公司,喜剧,类型
怪兽电力公司,动画,类型
怪兽电力公司,儿童,类型
怪兽电力公司,奇幻,类型
怪兽电力公司,冒险,类型
喜宴,同性,类型
魔女宅急便,奇幻,类型
魔女宅急便,儿童,类型
黑客帝国3：矩阵革命,动作,类型
黑客帝国3：矩阵革命,科幻,类型
黑客帝国3：矩阵革命,冒险,类型
非常嫌疑犯,惊悚,类型
非常嫌疑犯,悬疑,类型
非常嫌疑犯,犯罪,类型
音乐之声,音乐,类型
忠犬八公物语,剧情,类型
阿甘正传,剧情,类型
阿甘正传,传记,类型
阿甘正传,爱情,类型
阿甘正传,励志,类型
霸王别姬,剧情,类型
霸王别姬,爱情,类型
被解救的姜戈,西部,类型
被解救的姜戈,剧情,类型
被解救的姜戈,冒险,类型
被解救的姜戈,动作,类型
穿条纹睡衣的男孩,剧情,类型
穿条纹睡衣的男孩,战争,类型
钢琴家,剧情,类型
钢琴家,音乐,类型
钢琴家,传记,类型
钢琴家,战争,类型
初恋这件小事,喜剧,类型
初恋这件小事,校园,类型
初恋这件小事,青春,类型
怦然心动,爱情,类型
入殓师,剧情,类型
消失爱人,爱情,类型
消失爱人,悬疑,类型
天使爱美丽,爱情,类型
乱世佳人,爱情片,类型
射雕英雄传之东成西就,喜剧,类型
血腥钻石,惊悚,类型
幸福终点站,喜剧,类型
完美的世界,剧情,类型
完美的世界,惊悚,类型
完美的世界,犯罪,类型
闻香识女人,剧情,类型
控方证人,惊悚,类型
控方证人,剧情,类型
控方证人,悬疑,类型
控方证人,犯罪,类型
美国丽人,剧情,类型
千与千寻,剧情,类型
千与千寻,动画,类型
千与千寻,奇幻,类型
千与千寻,冒险,类型
死亡诗社,剧情,类型
萤火之森,动漫电影,类型
达拉斯买家俱乐部,剧情,类型
达拉斯买家俱乐部,传记,类型
黑客帝国,科幻,类型
黑客帝国,动作,类型
魂断蓝桥,爱情,类型
卢旺达饭店,剧情,类型
卢旺达饭店,战争,类型
卢旺达饭店,历史,类型
阿凡达,动作,类型
阿凡达,科幻,类型
阿凡达,剧情,类型
阿凡达,冒险,类型
禁闭岛,剧情,类型
禁闭岛,悬疑,类型
禁闭岛,惊悚,类型
禁闭岛,经典,类型
假如爱有天意,剧情,类型
假如爱有天意,爱情,类型
飞越疯人院,剧情,类型
素媛,剧情,类型
香水,剧情,类型
香水,犯罪,类型
香水,奇幻,类型
燃情岁月,爱情,类型
燃情岁月,剧情,类型
燃情岁月,西部,类型
荒野生存,传记,类型
新龙门客栈,武侠,类型
新龙门客栈,动作,类型
肖申克的救赎,剧情片,类型
秒速5厘米,爱情,类型
朗读者,剧情,类型
朗读者,爱情,类型
爱在黎明破晓前,爱情,类型
麦兜故事,喜剧,类型
麦兜故事,动画,类型
地球上的星星,剧情,类型
地球上的星星,儿童,类型
记忆碎片,剧情,类型
记忆碎片,悬疑,类型
蝴蝶效应,剧情,类型
蝴蝶效应,科幻,类型
蝴蝶效应,悬疑,类型
蝴蝶效应,惊悚,类型
海上钢琴师,剧情,类型
海上钢琴师,音乐,类型
三傻大闹宝莱坞,剧情,类型
三傻大闹宝莱坞,喜剧,类型
三傻大闹宝莱坞,冒险,类型
星际穿越,安妮·海瑟薇,主演
星际穿越,马修·麦康纳,主演
星际穿越,克里斯托弗·诺兰,导演
星际穿越,2014年,上映年份
辛德勒的名单,艾伯斯·戴维斯,主演
辛德勒的名单,连姆·尼森,主演
辛德勒的名单,拉尔夫·费因斯,主演
辛德勒的名单,本·金斯利,主演
辛德勒的名单,史蒂文·斯皮尔伯格,导演
辛德勒的名单,1993年,上映年份
唐伯虎点秋香,周星驰,主演
唐伯虎点秋香,巩俐,主演
唐伯虎点秋香,郑佩佩,主演
唐伯虎点秋香,李力持,导演
唐伯虎点秋香,1993年,上映年份
致命ID,雷·利奥塔,主演
致命ID,约翰·库萨克,主演
致命ID,阿曼达·皮特,主演
致命ID,詹姆斯·曼高德,导演
致命ID,2003年,上映年份
城市之光,查理·卓别林,主演
城市之光,查理·卓别林,导演
城市之光,1931年,上映年份
大话西游之大圣娶亲,周星驰,主演
大话西游之大圣娶亲,蔡少芬,主演
大话西游之大圣娶亲,陆树铭,主演
大话西游之大圣娶亲,吴孟达,主演
大话西游之大圣娶亲,朱茵,主演
大话西游之大圣娶亲,莫文蔚,主演
大话西游之大圣娶亲,刘镇伟,导演
大话西游之大圣娶亲,1995年,上映年份
大话西游之大圣娶亲,2014年,上映年份
放牛班的春天,热拉尔·朱诺,主演
放牛班的春天,弗朗西斯·贝尔兰德,主演
放牛班的春天,让-巴蒂斯特·莫尼耶,主演
放牛班的春天,克里斯托夫·巴拉蒂,导演
放牛班的春天,2004年,上映年份
天堂电影院,萨瓦特利·卡西欧,主演
天堂电影院,菲利浦·诺瓦雷,主演
天堂电影院,朱塞佩·托纳多雷,导演
天堂电影院,1988年,上映年份
搏击俱乐部,爱德华·诺顿,主演
搏击俱乐部,海伦娜·伯翰·卡特,主演
搏击俱乐部,布拉德·皮特,主演
搏击俱乐部,大卫·芬奇,导演
搏击俱乐部,1999年,上映年份
龙猫,坂本千夏,主演
龙猫,日高法子,主演
龙猫,糸井重里,主演
龙猫,宫崎骏,导演
龙猫,1988年,上映年份
恐怖直播,李璟荣,主演
恐怖直播,河正宇,主演
恐怖直播,金秉宇,导演
恐怖直播,2013年,上映年份
导盲犬小Q,户田惠子,主演
导盲犬小Q,椎名桔平,主演
导盲犬小Q,香川照之,主演
导盲犬小Q,黑谷友香,主演
导盲犬小Q,小林薰,主演
导盲犬小Q,崔洋一,导演
导盲犬小Q,2004年,上映年份
迁徙的鸟,雅克·贝汉,导演
迁徙的鸟,雅克·克鲁奥德,导演
迁徙的鸟,2001年,上映年份
雨中曲,吉恩·凯利,主演
雨中曲,黛比·雷诺斯,主演
雨中曲,吉恩·凯利,导演
雨中曲,斯坦利·多南,导演
雨中曲,1952年,上映年份
重庆森林,金城武,主演
重庆森林,王菲,主演
重庆森林,林青霞,主演
重庆森林,梁朝伟,主演
重庆森林,王家卫,导演
重庆森林,1994年,上映年份
心迷宫,罗芸,主演
心迷宫,王笑天,主演
心迷宫,邵胜杰,主演
心迷宫,孙黎,主演
心迷宫,霍卫民,主演
心迷宫,忻钰坤,导演
心迷宫,2015年,上映年份
天空之城,田中真弓,主演
天空之城,宫崎骏,导演
天空之城,1986年,上映年份
幽灵公主,宫崎骏,导演
幽灵公主,1997年,上映年份
美丽心灵的永恒阳光,金·凯瑞,主演
美丽心灵的永恒阳光,克尔斯滕·邓斯特,主演
美丽心灵的永恒阳光,凯特·温丝莱特,主演
美丽心灵的永恒阳光,米歇尔·冈瑞,导演
美丽心灵的永恒阳光,2004年,上映年份
倩女幽魂,古天乐,主演
倩女幽魂,惠英红,主演
倩女幽魂,樊少皇,主演
倩女幽魂,余少群,主演
倩女幽魂,刘亦菲,主演
倩女幽魂,叶伟信,导演
倩女幽魂,2011年,上映年份
倩女幽魂,2011年,上映年份
再次出发之纽约遇见你,凯拉·奈特莉,主演
再次出发之纽约遇见你,马克·鲁法洛,主演
再次出发之纽约遇见你,亚当·李维,主演
再次出发之纽约遇见你,约翰·卡尼,导演
再次出发之纽约遇见你,2015年,上映年份
再次出发之纽约遇见你,2014年,上映年份
美丽心灵,亚当·戈德堡,主演
美丽心灵,艾德·哈里斯,主演
美丽心灵,乔什·卢卡斯,主演
美丽心灵,安东尼·拉普,主演
美丽心灵,罗素·克劳,主演
美丽心灵,克里斯托弗·普卢默,主演
美丽心灵,贾德·赫希,主演
美丽心灵,詹妮弗·康纳利,主演
美丽心灵,保罗·贝坦尼,主演
美丽心灵,朗·霍华德,导演
美丽心灵,2001年,上映年份
电锯惊魂,温子仁,导演
电锯惊魂,2004年,上映年份
触不可及,黄磊,主演
触不可及,桂纶镁,主演
触不可及,徐静蕾,主演
触不可及,孙红雷,主演
触不可及,方中信,主演
触不可及,蒋勤勤,主演
触不可及,赵宝刚,导演
触不可及,2014年,上映年份
楚门的世界,金·凯瑞,主演
楚门的世界,劳拉·琳妮,主演
楚门的世界,艾德·哈里斯,主演
楚门的世界,诺亚·艾默里奇,主演
楚门的世界,彼得·威尔,导演
楚门的世界,1998年,上映年份
寿司之神,小野祯一,主演
寿司之神,山本益弘,主演
寿司之神,小野二郎,主演
寿司之神,小野隆士,主演
寿司之神,大卫·贾柏,导演
寿司之神,2012年,上映年份
寿司之神,2013年,上映年份
曾经,格伦·汉塞德,主演
曾经,玛可塔·伊尔格洛娃,主演
曾经,约翰·卡尼,导演
曾经,2007年,上映年份
我们俩,金雅琴,主演
我们俩,宫哲,主演
我们俩,罗忠学,主演
我们俩,马俪文,导演
我们俩,2006年,上映年份
情书,中山美穗,主演
情书,丰川悦司,主演
情书,柏原崇,主演
情书,岩井俊二,导演
情书,1995年,上映年份
忠犬八公的故事,理查·基尔,主演
忠犬八公的故事,琼·艾伦,主演
忠犬八公的故事,萨拉·罗默尔,主演
忠犬八公的故事,莱塞·霍尔斯道姆,导演
忠犬八公的故事,2010年,上映年份
忠犬八公的故事,2009年,上映年份
海洋,雅克·贝汉,主演
海洋,姜文,主演
海洋,雅克·贝汉,导演
海洋,雅克·克鲁奥德,导演
海洋,2011年,上映年份
教父,马龙·白兰度,主演
教父,阿尔·帕西诺,主演
教父,弗朗西斯·福特·科波拉,导演
教父,1972年,上映年份
罪恶之城,罗伯特·罗德里格兹,导演
罪恶之城,昆汀·塔伦蒂诺,导演
罪恶之城,弗兰克米勒,导演
罪恶之城,2005年,上映年份
梦之安魂曲,艾伦·鲍斯汀,主演
梦之安魂曲,詹妮弗·康纳利,主演
梦之安魂曲,杰瑞德·莱托,主演
梦之安魂曲,达伦·阿罗诺夫斯基,导演
梦之安魂曲,2000年,上映年份
大闹天宫,唐澄,导演
大闹天宫,万籁鸣,导演
夜访吸血鬼,汤姆·克鲁斯,主演
夜访吸血鬼,克尔斯滕·邓斯特,主演
夜访吸血鬼,布拉德·皮特,主演
夜访吸血鬼,尼尔·乔丹,导演
夜访吸血鬼,1994年,上映年份
中央车站,乔·伊曼纽尔·卡耐偌,主演
中央车站,沃尔特·塞勒斯,主演
中央车站,沃尔特·塞勒斯,导演
中央车站,1998年,上映年份
穿越时空的少女,石田卓也,主演
穿越时空的少女,芳山和子,主演
穿越时空的少女,细田守,导演
穿越时空的少女,2006年,上映年份
黑天鹅,米拉·库妮丝,主演
黑天鹅,娜塔莉·波特曼,主演
黑天鹅,文森特·卡索,主演
黑天鹅,达伦·阿伦诺夫斯基,导演
黑天鹅,2010年,上映年份
勇敢的心,杜若溪,主演
勇敢的心,张少华,主演
勇敢的心,于毅,主演
勇敢的心,杨志刚,主演
勇敢的心,郭靖宇,导演
勇敢的心,刘礴,导演
勇敢的心,柏杉,导演
勇敢的心,2014年,上映年份
E.T.外星人,亨利·托马斯,主演
E.T.外星人,德鲁·巴里摩尔,主演
E.T.外星人,史蒂文·斯皮尔伯格,导演
E.T.外星人,1982年,上映年份
摩登时代,查理·卓别林,主演
摩登时代,查理·卓别林,导演
摩登时代,1936年,上映年份
致命魔术,休·杰克曼,主演
致命魔术,斯嘉丽·约翰逊,主演
致命魔术,克里斯蒂安·贝尔,主演
致命魔术,丽贝卡·豪尔,主演
致命魔术,迈克尔·凯恩,主演
致命魔术,克里斯托弗·诺兰,导演
致命魔术,2006年,上映年份
时空恋旅人,玛格特·罗比,主演
时空恋旅人,比尔·奈伊,主演
时空恋旅人,汤姆·霍兰德尔,主演
时空恋旅人,多姆纳尔·格里森,主演
时空恋旅人,瑞秋·麦克亚当斯,主演
时空恋旅人,理查德·柯蒂斯,导演
时空恋旅人,2013年,上映年份
末代皇帝,彼德·奥图,主演
末代皇帝,尊龙,主演
末代皇帝,陈冲,主演
末代皇帝,邬君梅,主演
末代皇帝,贝纳尔多·贝托鲁奇,导演
末代皇帝,1987年,上映年份
巴黎淘气帮,迈克尔·加拉布鲁,主演
巴黎淘气帮,马克西姆·戈达尔,主演
巴黎淘气帮,瓦莱丽·勒梅西埃,主演
巴黎淘气帮,凯德·麦拉德,主演
巴黎淘气帮,劳伦·泰拉德,导演
巴黎淘气帮,2013年,上映年份
恋恋笔记本,瑞恩·高斯林,主演
恋恋笔记本,瑞秋·麦克亚当斯,主演
恋恋笔记本,尼克·卡萨维茨,导演
恋恋笔记本,2004年,上映年份
爱·回家,罗天宇,主演
爱·回家,郭少芸,主演
爱·回家,林漪娸,主演
爱·回家,黎诺懿,主演
爱·回家,徐荣,主演
爱·回家,刘丹,主演
爱·回家,徐遇安,导演
爱·回家,2016年,上映年份
谍影重重,马特·达蒙,主演
谍影重重,朱丽娅·斯蒂尔斯,主演
谍影重重,弗兰卡·波坦特,主演
谍影重重,克里斯·库柏,主演
谍影重重,道格·里曼,导演
谍影重重,2002年,上映年份
心灵捕手,马特·达蒙,主演
心灵捕手,罗宾·威廉姆斯,主演
心灵捕手,格斯·范·桑特,导演
心灵捕手,1997年,上映年份
哈利·波特与魔法石,理查德·哈里斯,主演
哈利·波特与魔法石,丹尼尔·雷德克里夫,主演
哈利·波特与魔法石,艾玛·沃特森,主演
哈利·波特与魔法石,鲁伯特·格林特,主演
哈利·波特与魔法石,克里斯·哥伦布,导演
哈利·波特与魔法石,2001年,上映年份
傲慢与偏见,唐纳德·萨瑟兰,主演
傲慢与偏见,凯拉·奈特利,主演
傲慢与偏见,马修·麦克费登,主演
傲慢与偏见,乔·怀特,导演
傲慢与偏见,2005年,上映年份
黄金三镖客,克林特·伊斯特伍德,主演
黄金三镖客,伊莱·沃勒克,主演
黄金三镖客,李·范·克里夫,主演
黄金三镖客,赛尔乔·莱昂内,导演
黄金三镖客,1966年,上映年份
本杰明·巴顿奇事,塔拉吉·P·汉森,主演
本杰明·巴顿奇事,布拉德·皮特,主演
本杰明·巴顿奇事,凯特·布兰切特,主演
本杰明·巴顿奇事,大卫·芬奇,导演
本杰明·巴顿奇事,2008年,上映年份
勇闯夺命岛,肖恩·康纳利,主演
勇闯夺命岛,尼古拉斯·凯奇,主演
勇闯夺命岛,艾德·哈里斯,主演
勇闯夺命岛,迈克尔·贝,导演
勇闯夺命岛,1996年,上映年份
岁月神偷,李治廷,主演
岁月神偷,钟绍图,主演
岁月神偷,任达华,主演
岁月神偷,吴君如,主演
岁月神偷,秦沛,主演
岁月神偷,罗启锐,导演
哈利·波特与死亡圣器,丹尼尔·雷德克里夫,主演
哈利·波特与死亡圣器,大卫·叶慈,导演
哈利·波特与死亡圣器,2011年,上映年份
哈利·波特与死亡圣器,2010年,上映年份
蝴蝶,克劳迪奥·比加利,主演
蝴蝶,加拉泰亚·兰齐,主演
蝴蝶,维托里奥·塔维亚尼,导演
蝴蝶,保罗·塔维亚尼,导演
一次别离,萨蕾·巴亚特,主演
一次别离,蕾拉·哈塔米,主演
一次别离,佩曼·莫阿迪,主演
一次别离,阿斯哈·法哈蒂,导演
一次别离,2011年,上映年份
侠盗联盟,刘德华,主演
侠盗联盟,张静初,主演
侠盗联盟,让·雷诺,主演
侠盗联盟,舒淇,主演
侠盗联盟,杨祐宁,主演
侠盗联盟,冯德伦,导演
侠盗联盟,2017年,上映年份
神偷奶爸,朱莉·安德鲁斯,主演
神偷奶爸,杰森·赛格尔,主演
神偷奶爸,史蒂夫·卡瑞尔,主演
神偷奶爸,拉塞尔·布兰德,主演
神偷奶爸,皮埃尔·科芬,导演
神偷奶爸,克里斯·雷诺德,导演
神偷奶爸,2010年,上映年份
碧海蓝天,让-马克·巴尔,主演
碧海蓝天,让·雷诺,主演
碧海蓝天,吕克·贝松,导演
碧海蓝天,1988年,上映年份
指环王：护戒使者,维果·莫特森,主演
指环王：护戒使者,伊利亚·伍德,主演
指环王：护戒使者,伊安·麦克莱恩,主演
指环王：护戒使者,西恩·奥斯汀,主演
指环王：护戒使者,肖恩·宾,主演
指环王：护戒使者,奥兰多·布鲁姆,主演
指环王：护戒使者,彼得·杰克逊,导演
指环王：护戒使者,2001年,上映年份
浪潮,马克思·雷迈特,主演
浪潮,约根·沃格尔,主演
浪潮,弗雷德里克·劳,主演
浪潮,丹尼斯·甘塞尔,导演
浪潮,2008年,上映年份
人工智能,海利·乔·奥斯蒙特,主演
人工智能,裘德·洛,主演
人工智能,史蒂文·斯皮尔伯格,导演
人工智能,2001年,上映年份
风之谷,宫崎骏,导演
风之谷,1984年,上映年份
剪刀手爱德华,文森特·普莱斯,主演
剪刀手爱德华,约翰尼·德普,主演
剪刀手爱德华,黛安娜·维斯特,主演
剪刀手爱德华,薇诺娜·瑞德,主演
剪刀手爱德华,蒂姆·波顿,导演
剪刀手爱德华,1990年,上映年份
一一,金燕玲,主演
一一,吴念真,主演
一一,张洋洋,主演
一一,李凯莉,主演
一一,杨德昌,导演
一一,2009年,上映年份
一一,2000年,上映年份
角斗士,康妮·尼尔森,主演
角斗士,罗素·克劳,主演
角斗士,杰昆·菲尼克斯,主演
角斗士,雷德利·斯科特,导演
角斗士,2000年,上映年份
未麻的部屋,岩男润子,主演
未麻的部屋,辻亲八,主演
未麻的部屋,松本梨香,主演
未麻的部屋,大仓正章,主演
未麻的部屋,今敏,导演
未麻的部屋,1997年,上映年份
泰坦尼克号,莱昂纳多·迪卡普里奥,主演
泰坦尼克号,凯特·温斯莱特,主演
泰坦尼克号,詹姆斯·卡梅隆,导演
泰坦尼克号,1997年,上映年份
追随,eremy Theobald,主演
追随,Alex Haw,主演
追随,露西·拉塞尔,主演
追随,克里斯托弗·诺兰,导演
追随,1999年,上映年份
大鱼,伊万·麦克格雷格,主演
大鱼,杰西卡·兰格,主演
大鱼,阿尔伯特·芬尼,主演
大鱼,蒂姆·伯顿,导演
大鱼,2003年,上映年份
少年派的奇幻漂流,伊尔凡·可汗,主演
少年派的奇幻漂流,苏拉·沙玛,主演
少年派的奇幻漂流,拉菲·斯波,主演
少年派的奇幻漂流,李安,导演
少年派的奇幻漂流,2012年,上映年份
窃听风暴,马蒂娜·戈黛特,主演
窃听风暴,塞巴斯蒂安·考奇,主演
窃听风暴,乌尔里希·穆埃,主演
窃听风暴,弗洛里安·亨克尔·冯·多纳斯马尔克,导演
窃听风暴,2006年,上映年份
美国往事,伊丽莎白·麦戈文,主演
美国往事,塔斯黛·韦尔德,主演
美国往事,詹姆斯·伍兹,主演
美国往事,罗伯特·德尼罗,主演
美国往事,瑟吉欧·莱昂,导演
美国往事,1984年,上映年份
东京物语,笠智众,主演
东京物语,原节子,主演
东京物语,小津安二郎,导演
东京物语,1953年,上映年份
低俗小说,约翰·特拉沃尔塔,主演
低俗小说,布鲁斯·威利斯,主演
低俗小说,阿曼达·普拉莫,主演
低俗小说,蒂姆·罗斯,主演
低俗小说,乌玛·瑟曼,主演
低俗小说,昆汀·塔伦蒂诺,导演
低俗小说,1994年,上映年份
花样年华,梁朝伟,主演
花样年华,张曼玉,主演
花样年华,王家卫,导演
花样年华,2000年,上映年份
惊魂记,珍妮特·利,主演
惊魂记,安东尼·博金斯,主演
惊魂记,阿尔弗雷德·希区柯克,导演
惊魂记,1960年,上映年份
两杆大烟枪,杰森·斯坦森,主演
两杆大烟枪,杰森·弗莱明,主演
两杆大烟枪,尼克·莫兰,主演
两杆大烟枪,德克斯特·弗莱彻,主演
两杆大烟枪,盖伊·里奇,导演
两杆大烟枪,1998年,上映年份
遗愿清单,比弗莉·托德,主演
遗愿清单,摩根·弗里曼,主演
遗愿清单,杰克·尼科尔森,主演
遗愿清单,西恩·海耶斯,主演
遗愿清单,罗伯·莱纳,导演
遗愿清单,2007年,上映年份
教父2,黛安·基顿,主演
教父2,罗伯特·杜瓦尔,主演
教父2,阿尔·帕西诺,主演
教父2,罗伯特·德尼罗,主演
教父2,弗朗西斯·福特·科波拉,导演
教父2,1974年,上映年份
疯狂的石头,徐峥,主演
疯狂的石头,黄渤,主演
疯狂的石头,连晋,主演
疯狂的石头,刘桦,主演
疯狂的石头,郭涛,主演
疯狂的石头,刘刚,主演
疯狂的石头,宁浩,导演
疯狂的石头,2006年,上映年份
阿飞正传,张国荣,主演
阿飞正传,张学友,主演
阿飞正传,刘嘉玲,主演
阿飞正传,张曼玉,主演
阿飞正传,刘德华,主演
阿飞正传,王家卫,导演
阿飞正传,1990年,上映年份
可可西里,多布杰,主演
可可西里,奇道,主演
可可西里,张垒,主演
可可西里,陆川,导演
可可西里,2004年,上映年份
小森林,金泰梨,主演
小森林,秦基周,主演
小森林,柳俊烈,主演
小森林,文素利,主演
小森林,林顺礼,导演
小森林,2018年,上映年份
熔炉,金贤秀,主演
熔炉,孔刘,主演
熔炉,郑裕美,主演
熔炉,黄东赫,导演
熔炉,2011年,上映年份
爱在日落黄昏时,伊桑·霍克,主演
爱在日落黄昏时,朱莉·德尔佩,主演
爱在日落黄昏时,理查德·林克莱特,导演
爱在日落黄昏时,2004年,上映年份
喜剧之王,周星驰,主演
喜剧之王,张柏芝,主演
喜剧之王,莫文蔚,主演
喜剧之王,李力持,导演
喜剧之王,周星驰,导演
喜剧之王,1999年,上映年份
布达佩斯大饭店,爱德华·诺顿,主演
布达佩斯大饭店,蒂尔达·斯文顿,主演
布达佩斯大饭店,裘德·洛,主演
布达佩斯大饭店,马修·阿马立克,主演
布达佩斯大饭店,西尔莎·罗南,主演
布达佩斯大饭店,拉尔夫·费因斯,主演
布达佩斯大饭店,汤姆·威尔金森,主演
布达佩斯大饭店,哈威·凯特尔,主演
布达佩斯大饭店,詹森·舒瓦兹曼,主演
布达佩斯大饭店,欧文·威尔逊,主演
布达佩斯大饭店,托尼·雷沃罗利,主演
布达佩斯大饭店,阿德里安·布洛迪,主演
布达佩斯大饭店,蕾雅·赛杜,主演
布达佩斯大饭店,韦斯·安德森,导演
布达佩斯大饭店,2014年,上映年份
拯救大兵瑞恩,马特·达蒙,主演
拯救大兵瑞恩,汤姆·汉克斯,主演
拯救大兵瑞恩,汤姆·塞兹摩尔,主演
拯救大兵瑞恩,史蒂文·斯皮尔伯格,导演
拯救大兵瑞恩,1998年,上映年份
辩护人,宋康昊,主演
辩护人,郭道元,主演
辩护人,金英爱,主演
辩护人,吴达秀,主演
辩护人,杨宇锡,导演
辩护人,2013年,上映年份
爆裂鼓手,迈尔斯·特勒,主演
爆裂鼓手,J·K·西蒙斯,主演
爆裂鼓手,达米恩·查泽雷,导演
爆裂鼓手,2014年,上映年份
无耻混蛋,黛安·克鲁格,主演
无耻混蛋,克里斯托弗·瓦尔兹,主演
无耻混蛋,迈克尔·法斯宾德,主演
无耻混蛋,布拉德·皮特,主演
无耻混蛋,梅拉尼·罗兰,主演
无耻混蛋,伊莱·罗斯,主演
无耻混蛋,昆汀·塔伦蒂诺,导演
无耻混蛋,伊莱·罗斯,导演
无耻混蛋,2009年,上映年份
枪火,吕颂贤,主演
枪火,吴镇宇,主演
枪火,任达华,主演
枪火,黄秋生,主演
枪火,杜琪峰,导演
枪火,1999年,上映年份
西西里的美丽传说,圭塞佩·苏尔法罗,主演
西西里的美丽传说,莫尼卡·贝鲁奇,主演
西西里的美丽传说,朱塞佩·托纳多雷,导演
西西里的美丽传说,2000年,上映年份
机器人总动员,本·贝尔特,主演
机器人总动员,杰夫·格尔林,主演
机器人总动员,艾丽莎·奈特,主演
机器人总动员,安德鲁·斯坦顿,导演
机器人总动员,2008年,上映年份
上帝之城,马修斯·纳克加勒,主演
上帝之城,索·豪黑,主演
上帝之城,艾莉丝·布拉加,主演
上帝之城,费尔南多·梅里尔斯,导演
上帝之城,2002年,上映年份
活着,葛优,主演
活着,巩俐,主演
活着,张艺谋,导演
活着,1994年,上映年份
冰川时代,卡洛斯·沙尔丹哈,导演
冰川时代,克里斯·韦奇,导演
冰川时代,2002年,上映年份
飞屋环游记,彼特·道格特,导演
飞屋环游记,2009年,上映年份
与狼共舞,傅程鹏,主演
与狼共舞,侯梦莎,主演
与狼共舞,夏侯镔,主演
与狼共舞,程愫,主演
与狼共舞,句号,主演
与狼共舞,黄文利,导演
与狼共舞,2012年,上映年份
萤火虫之墓,白石绫乃,主演
萤火虫之墓,辰巳努,主演
萤火虫之墓,高畑勋,导演
绿里奇迹,迈克·克拉克·邓肯,主演
绿里奇迹,汤姆·汉克斯,主演
绿里奇迹,大卫·摩斯,主演
绿里奇迹,弗兰克·德拉邦特,导演
绿里奇迹,1999年,上映年份
疯狂原始人,瑞恩·雷诺兹,主演
疯狂原始人,艾玛·斯通,主演
疯狂原始人,尼古拉斯·凯奇,主演
疯狂原始人,凯瑟琳·基纳,主演
疯狂原始人,科克·德·米科,导演
疯狂原始人,克里斯·桑德斯,导演
疯狂原始人,2013年,上映年份
疯狂原始人,2013年,上映年份
狮子王,乔恩·费儒,导演
狮子王,2019年,上映年份
7号房的礼物,柳承龙,主演
7号房的礼物,朴信惠,主演
7号房的礼物,郑进永,主演
7号房的礼物,葛素媛,主演
7号房的礼物,李焕庆,导演
7号房的礼物,2013年,上映年份
无敌破坏王,里奇·摩尔,导演
无敌破坏王,2012年,上映年份
饮食男女,吴倩莲,主演
饮食男女,郎雄,主演
饮食男女,王渝文,主演
饮食男女,杨贵媚,主演
饮食男女,李安,导演
饮食男女,1994年,上映年份
杀人回忆,宋康昊,主演
杀人回忆,朴海日,主演
杀人回忆,金相庆,主演
杀人回忆,奉俊昊,导演
杀人回忆,2003年,上映年份
春光乍泄,张国荣,主演
春光乍泄,张震,主演
春光乍泄,梁朝伟,主演
春光乍泄,王家卫,导演
春光乍泄,1997年,上映年份
速度与激情5,卢达·克里斯,主演
速度与激情5,保罗·沃克,主演
速度与激情5,乔丹娜·布鲁斯特,主演
速度与激情5,泰瑞斯·吉布森,主演
速度与激情5,道恩·强森,主演
速度与激情5,范·迪塞尔,主演
速度与激情5,成康,主演
速度与激情5,马特·斯查尔兹,主演
速度与激情5,林诣彬,导演
速度与激情5,2011年,上映年份
海盗电台,菲利普·塞默·霍夫曼,主演
海盗电台,比尔·奈伊,主演
海盗电台,理查德·柯蒂斯,导演
海盗电台,2009年,上映年份
十二怒汉,李·科布,主演
十二怒汉,马丁·鲍尔萨姆,主演
十二怒汉,亨利·方达,主演
十二怒汉,西德尼·吕美特,导演
十二怒汉,1957年,上映年份
两小无猜,吉约姆·卡内,主演
两小无猜,玛丽昂·歌迪亚,主演
两小无猜,吉尔·勒卢什,主演
两小无猜,杨·塞谬尔,导演
两小无猜,2003年,上映年份
战争之王,伊恩·霍姆,主演
战争之王,布丽姬·穆娜,主演
战争之王,尼古拉斯·凯奇,主演
战争之王,杰瑞德·莱托,主演
战争之王,安德鲁·尼科尔,导演
战争之王,2005年,上映年份
英雄本色,张国荣,主演
英雄本色,狄龙,主演
英雄本色,周润发,主演
英雄本色,吴宇森,导演
英雄本色,1986年,上映年份
撞车,唐·钱德尔,主演
撞车,马特·狄龙,主演
撞车,桑德拉·布洛克,主演
撞车,保罗·哈吉斯,导演
撞车,2004年,上映年份
燕尾蝶,三上博史,主演
燕尾蝶,恰拉,主演
燕尾蝶,伊藤步,主演
燕尾蝶,岩井俊二,导演
燕尾蝶,1996年,上映年份
荒蛮故事,达里奥·葛兰帝内提,主演
荒蛮故事,艾丽卡·里瓦斯,主演
荒蛮故事,里卡杜·达林,主演
荒蛮故事,达米安·斯兹弗隆,导演
荒蛮故事,2014年,上映年份
雨人,汤姆·克鲁斯,主演
雨人,迈克尔·D·罗伯茨,主演
雨人,瓦莱莉·高利诺,主演
雨人,邦尼·亨特,主演
雨人,贝丝·格兰特,主演
雨人,达斯汀·霍夫曼,主演
雨人,巴瑞·莱文森,导演
雨人,1988年,上映年份
阳光姐妹淘,闵孝琳,主演
阳光姐妹淘,沈恩敬,主演
阳光姐妹淘,姜素拉,主演
阳光姐妹淘,姜亨哲,导演
阳光姐妹淘,2011年,上映年份
荒岛余生,汤姆·汉克斯,主演
荒岛余生,海伦·亨特,主演
荒岛余生,罗伯特·泽米吉斯,导演
荒岛余生,2000年,上映年份
教父3,黛安·基顿,主演
教父3,阿尔·帕西诺,主演
教父3,安迪·加西亚,主演
教父3,弗朗西斯·福特·科波拉,导演
教父3,1990年,上映年份
罗生门,三船敏郎,主演
罗生门,志村乔,主演
罗生门,森雅之,主演
罗生门,京町子,主演
罗生门,黑泽明,导演
罗生门,1950年,上映年份
不一样的天空,莱昂纳多·迪卡普里奥,主演
不一样的天空,约翰尼·德普,主演
不一样的天空,莱塞·霍尔斯道姆,导演
不一样的天空,1993年,上映年份
海豚湾,里克·奥巴瑞,主演
海豚湾,路易·西霍尤斯,导演
海豚湾,2009年,上映年份
真爱至上,休·格兰特,主演
真爱至上,艾玛·汤普森,主演
真爱至上,比尔·奈伊,主演
真爱至上,安德鲁·林肯,主演
真爱至上,凯拉奈特莉,主演
真爱至上,科林·费斯,主演
真爱至上,艾伦·里克曼,主演
真爱至上,连姆·尼森,主演
真爱至上,理查德·柯蒂斯,导演
真爱至上,2003年,上映年份
偷拐抢骗,玛伦·阿德,主演
偷拐抢骗,本尼西奥·德尔·托罗,主演
偷拐抢骗,布拉德·皮特,主演
偷拐抢骗,杰森·斯坦森,主演
偷拐抢骗,盖·里奇,导演
偷拐抢骗,2000年,上映年份
卡萨布兰卡,保罗·亨雷德,主演
卡萨布兰卡,英格丽·褒曼,主演
卡萨布兰卡,亨弗莱·鲍嘉,主演
卡萨布兰卡,克劳德·雷恩斯,主演
卡萨布兰卡,迈克尔·柯蒂兹,导演
卡萨布兰卡,1942年,上映年份
猫鼠游戏,莱昂纳多·迪卡普里奥,主演
猫鼠游戏,汤姆·汉克斯,主演
猫鼠游戏,斯蒂文·斯皮尔伯格,导演
猫鼠游戏,2002年,上映年份
红辣椒,林原惠美,主演
红辣椒,古谷彻,主演
红辣椒,江守彻,主演
红辣椒,今敏,导演
红辣椒,2006年,上映年份
月球,山姆·洛克威尔,主演
月球,罗宾·查克,主演
月球,邓肯·琼斯,导演
告白,松隆子,主演
告白,中岛哲也,导演
告白,2010年,上映年份
廊桥遗梦,梅丽尔·斯特里普,主演
廊桥遗梦,克林特·伊斯特伍德,主演
廊桥遗梦,克林特·伊斯特伍德,导演
廊桥遗梦,1995年,上映年份
末路狂花,苏珊·萨兰登,主演
末路狂花,吉娜·戴维斯,主演
末路狂花,雷德利·斯科特,导演
末路狂花,1991年,上映年份
玩具总动员3,蒂姆·艾伦,主演
玩具总动员3,汤姆·汉克斯,主演
玩具总动员3,李·昂克里奇,导演
玩具总动员3,2010年,上映年份
沉默的羔羊,安东尼·霍普金斯,主演
沉默的羔羊,朱迪·福斯特,主演
沉默的羔羊,乔纳森·戴米,导演
沉默的羔羊,1991年,上映年份
青蛇,赵文卓,主演
青蛇,吴兴国,主演
青蛇,王祖贤,主演
青蛇,张曼玉,主演
青蛇,徐克,导演
青蛇,1993年,上映年份
超能陆战队,斯科特·埃德希特,主演
超能陆战队,瑞恩·波特,主演
超能陆战队,T·J·米勒,主演
超能陆战队,克里斯·威廉姆斯,导演
超能陆战队,唐·霍尔,导演
超能陆战队,2014年,上映年份
谍影重重3,朱丽娅·斯蒂尔斯,主演
谍影重重3,马特·达蒙,主演
谍影重重3,帕迪·康斯戴恩,主演
谍影重重3,保罗·格林格拉斯,导演
谍影重重3,2007年,上映年份
穆赫兰道,贾斯汀·塞洛克斯,主演
穆赫兰道,劳拉·哈灵,主演
穆赫兰道,娜奥米·沃茨,主演
穆赫兰道,大卫·林奇,导演
穆赫兰道,2001年,上映年份
当幸福来敲门,桑迪·牛顿,主演
当幸福来敲门,贾登·史密斯,主演
当幸福来敲门,威尔·史密斯,主演
当幸福来敲门,加布里尔·穆奇诺,导演
当幸福来敲门,2020年,上映年份
盗梦空间,莱昂纳多·迪卡普里奥,主演
盗梦空间,玛丽昂·歌迪亚,主演
盗梦空间,克里斯托弗·诺兰,导演
盗梦空间,2020年,上映年份
哈尔的移动城堡,倍赏千惠子,主演
哈尔的移动城堡,美轮明宏,主演
哈尔的移动城堡,我修院达也,主演
哈尔的移动城堡,木村拓哉,主演
哈尔的移动城堡,宫崎骏,导演
哈尔的移动城堡,2004年,上映年份
灵异第六感,海利·乔·奥斯蒙,主演
灵异第六感,托妮·科莱特,主演
灵异第六感,布鲁斯·威利斯,主演
灵异第六感,M·奈特·沙马兰,导演
灵异第六感,1999年,上映年份
玛丽和马克思,艾瑞克·巴纳,主演
玛丽和马克思,菲利普·塞默·霍夫曼,主演
玛丽和马克思,托妮·科莱特,主演
玛丽和马克思,亚当·艾略特,导演
玛丽和马克思,2009年,上映年份
断背山,希斯·莱杰,主演
断背山,琳达·卡德里尼,主演
断背山,杰克·吉伦哈尔,主演
断背山,安娜·法瑞丝,主演
断背山,安妮·海瑟薇,主演
断背山,米歇尔·威廉姆斯,主演
断背山,李安,导演
断背山,2005年,上映年份
我爱你,李顺载,主演
我爱你,宋智孝,主演
我爱你,宋在浩,主演
我爱你,李文植,主演
我爱你,尹秀晶,主演
我爱你,吴达秀,主演
我爱你,金秀美,主演
我爱你,秋昌民,导演
我爱你,2011年,上映年份
东邪西毒,梁家辉,主演
东邪西毒,张曼玉,主演
东邪西毒,张学友,主演
东邪西毒,杨采妮,主演
东邪西毒,张国荣,主演
东邪西毒,梁朝伟,主演
东邪西毒,林青霞,主演
东邪西毒,刘嘉玲,主演
东邪西毒,王家卫,导演
东邪西毒,1994年,上映年份
虎口脱险,路易·德·菲耐斯,主演
虎口脱险,安德烈·布尔维尔,主演
虎口脱险,杰拉尔·乌里,导演
虎口脱险,1966年,上映年份
大话西游之月光宝盒,莫文蔚,主演
大话西游之月光宝盒,吴孟达,主演
大话西游之月光宝盒,蓝洁瑛,主演
大话西游之月光宝盒,周星驰,主演
大话西游之月光宝盒,刘镇伟,导演
大话西游之月光宝盒,1995年,上映年份
鬼子来了,香川照之,主演
鬼子来了,姜宏波,主演
鬼子来了,姜文,主演
鬼子来了,姜文,导演
鬼子来了,2000年,上映年份
甜蜜蜜,曾志伟,主演
甜蜜蜜,黎明,主演
甜蜜蜜,张曼玉,主演
甜蜜蜜,杨恭如,主演
甜蜜蜜,陈可辛,导演
甜蜜蜜,1996年,上映年份
大卫·戈尔的一生,凯文·史派西,主演
大卫·戈尔的一生,凯特·温斯莱特,主演
大卫·戈尔的一生,艾伦·帕克,导演
大卫·戈尔的一生,2003年,上映年份
牯岭街少年杀人事件,杨静怡,主演
牯岭街少年杀人事件,张震,主演
牯岭街少年杀人事件,金燕玲,主演
牯岭街少年杀人事件,张国柱,主演
牯岭街少年杀人事件,杨德昌,导演
牯岭街少年杀人事件,1991年,上映年份
天堂的孩子,Amir Farrokh Hashemian,主演
天堂的孩子,Bahare Seddiqi,主演
天堂的孩子,马基德·马基迪,导演
猜火车,伊万·麦克格雷格,主演
猜火车,艾文·布莱纳,主演
猜火车,丹尼·博伊尔,导演
猜火车,1996年,上映年份
暹罗之恋,赖拉·邦雅淑,主演
暹罗之恋,维特维斯特·海伦亚沃恩库,主演
暹罗之恋,马里奥·毛瑞尔,主演
暹罗之恋,查基亚特·萨克维拉库,导演
暹罗之恋,2007年,上映年份
蓝色大门,桂纶镁,主演
蓝色大门,梁又琳,主演
蓝色大门,陈柏霖,主演
蓝色大门,易智言,导演
蓝色大门,2002年,上映年份
无间道,曾志伟,主演
无间道,刘德华,主演
无间道,黄秋生,主演
无间道,梁朝伟,主演
无间道,刘伟强,导演
无间道,麦兆辉,导演
无间道,2002年,上映年份
借东西的小人阿莉埃蒂,米林宏昌,导演
借东西的小人阿莉埃蒂,2010年,上映年份
七武士,三船敏郎,主演
七武士,津岛惠子,主演
七武士,志村乔,主演
七武士,黑泽明,导演
罗马假日,奥黛丽·赫本,主演
罗马假日,格利高里·派克,主演
罗马假日,1953年,上映年份
菊次郎的夏天,关口雄介,主演
菊次郎的夏天,北野武,主演
菊次郎的夏天,岸本加世子,主演
菊次郎的夏天,北野武,导演
菊次郎的夏天,2020年,上映年份
菊次郎的夏天,1999年,上映年份
美丽人生,乔治·坎塔里尼,主演
美丽人生,罗伯托·贝尼尼,主演
美丽人生,尼可莱塔·布拉斯基,主演
美丽人生,罗伯托·贝尼尼,导演
美丽人生,1997年,上映年份
美丽人生,2020年,上映年份
让子弹飞,周润发,主演
让子弹飞,廖凡,主演
让子弹飞,葛优,主演
让子弹飞,姜武,主演
让子弹飞,陈坤,主演
让子弹飞,姜文,主演
让子弹飞,刘嘉玲,主演
让子弹飞,周韵,主演
让子弹飞,姜文,导演
让子弹飞,2010年,上映年份
恐怖游轮,梅利莎·乔治,主演
恐怖游轮,利亚姆·海莫斯沃斯,主演
恐怖游轮,瑞秋·卡帕尼,主演
恐怖游轮,克里斯托弗·史密斯,导演
恐怖游轮,2009年,上映年份
变种异煞,乌玛·瑟曼,主演
变种异煞,裘德·洛,主演
变种异煞,伊桑·霍克,主演
变种异煞,安德鲁·尼科尔,导演
超脱,艾德里安·布洛迪,主演
超脱,克里斯蒂娜·亨德里克斯,主演
超脱,托尼·凯耶,导演
超脱,2011年,上映年份
我是山姆,西恩·潘,主演
我是山姆,米歇尔·菲佛,主演
我是山姆,达科塔·法宁,主演
我是山姆,杰茜·尼尔森,导演
我是山姆,2002年,上映年份
怪兽电力公司,比利·克里斯托,主演
怪兽电力公司,约翰·古德曼,主演
怪兽电力公司,李·昂克里奇,导演
怪兽电力公司,彼特·道格特,导演
怪兽电力公司,大卫·斯沃曼,导演
怪兽电力公司,2001年,上映年份
喜宴,赵文瑄,主演
喜宴,郎雄,主演
喜宴,归亚蕾,主演
喜宴,金素梅,主演
喜宴,米切尔·利希藤斯坦,主演
喜宴,李安,导演
喜宴,1993年,上映年份
魔女宅急便,小芝风花,主演
魔女宅急便,清水崇,导演
魔女宅急便,2014年,上映年份
非常嫌疑犯,斯蒂芬·鲍德温,主演
非常嫌疑犯,加布里埃尔·伯恩,主演
非常嫌疑犯,凯文·史派西,主演
非常嫌疑犯,布莱恩·辛格,导演
非常嫌疑犯,1995年,上映年份
音乐之声,朱莉·安德鲁斯,主演
音乐之声,克里斯托弗·普卢默,主演
音乐之声,罗伯特·怀斯,导演
音乐之声,1965年,上映年份
忠犬八公物语,仲代达矢,主演
忠犬八公物语,柳叶敏郎,主演
忠犬八公物语,神山征二郎,导演
忠犬八公物语,1987年,上映年份
阿甘正传,汤姆·汉克斯,主演
阿甘正传,罗宾·怀特,主演
阿甘正传,罗伯特·泽米吉斯,导演
阿甘正传,1994年,上映年份
霸王别姬,张国荣,主演
霸王别姬,巩俐,主演
霸王别姬,张丰毅,主演
霸王别姬,陈凯歌,导演
霸王别姬,1993年,上映年份
被解救的姜戈,杰米·福克斯,主演
被解救的姜戈,莱昂纳多·迪卡普里奥,主演
被解救的姜戈,克里斯托弗·瓦尔兹,主演
被解救的姜戈,凯丽·华盛顿,主演
被解救的姜戈,塞缪尔·杰克逊,主演
被解救的姜戈,昆汀·塔伦蒂诺,导演
被解救的姜戈,2012年,上映年份
被解救的姜戈,2013年,上映年份
钢琴家,艾米丽雅·福克斯,主演
钢琴家,米乔·赞布罗斯基,主演
钢琴家,阿德里安·布洛迪,主演
钢琴家,爱德·斯托帕德,主演
钢琴家,罗曼·波兰斯基,导演
钢琴家,2002年,上映年份
怦然心动,卡兰·麦克奥利菲,主演
怦然心动,玛德琳·卡罗尔,主演
怦然心动,罗伯·莱纳,导演
怦然心动,2010年,上映年份
入殓师,广末凉子,主演
入殓师,本木雅弘,主演
入殓师,山崎努,主演
入殓师,笹野高史,主演
入殓师,吉行和子,主演
入殓师,泷田洋二郎,导演
入殓师,2008年,上映年份
入殓师,2021年,上映年份
消失爱人,黎明,主演
消失爱人,王珞丹,主演
消失爱人,黄真真,导演
消失爱人,2016年,上映年份
天使爱美丽,多米尼克·皮诺,主演
天使爱美丽,贾梅尔·杜布兹,主演
天使爱美丽,马修·卡索维茨,主演
天使爱美丽,奥黛丽·塔图,主演
天使爱美丽,让-皮埃尔·热内,导演
天使爱美丽,2001年,上映年份
乱世佳人,奥莉薇·黛·哈佛兰,主演
乱世佳人,费雯·丽,主演
乱世佳人,莱斯利·霍华德,主演
乱世佳人,克拉克·盖博,主演
乱世佳人,维克多·弗莱明,导演
乱世佳人,1939年,上映年份
血腥钻石,莱昂纳多·迪卡普里奥,主演
血腥钻石,詹妮弗·康纳利,主演
血腥钻石,爱德华·兹威克,导演
血腥钻石,2005年,上映年份
完美的世界,克林特·伊斯特伍德,主演
完美的世界,T.J. 劳瑟,主演
完美的世界,凯文·科斯特纳,主演
完美的世界,克林特·伊斯特伍德,导演
完美的世界,1993年,上映年份
闻香识女人,阿尔·帕西诺,主演
闻香识女人,克里斯·奥唐纳,主演
闻香识女人,迪诺·莱希,导演
闻香识女人,马丁·布莱斯特,导演
闻香识女人,1992年,上映年份
控方证人,泰隆·鲍华,主演
控方证人,查尔斯·劳顿,主演
控方证人,玛琳·黛德丽,主演
控方证人,比利·怀尔德,导演
控方证人,1958年,上映年份
美国丽人,索拉·伯奇,主演
美国丽人,安妮特·贝宁,主演
美国丽人,凯文·史派西,主演
美国丽人,山姆·曼德斯,导演
美国丽人,1999年,上映年份
千与千寻,入野自由,主演
千与千寻,柊瑠美,主演
千与千寻,中村彰男,主演
千与千寻,夏木真理,主演
千与千寻,宫崎骏,导演
千与千寻,2001年,上映年份
死亡诗社,伊桑·霍克,主演
死亡诗社,罗宾·威廉姆斯,主演
死亡诗社,罗伯特·肖恩·莱纳德,主演
死亡诗社,彼得·威尔,导演
死亡诗社,1989年,上映年份
达拉斯买家俱乐部,马修·麦康纳,主演
达拉斯买家俱乐部,杰瑞德·莱托,主演
达拉斯买家俱乐部,詹妮弗·加纳,主演
达拉斯买家俱乐部,让-马克·瓦雷,导演
达拉斯买家俱乐部,2013年,上映年份
黑客帝国,凯莉·安妮·莫斯,主演
黑客帝国,劳伦斯·菲什伯恩,主演
黑客帝国,基努·里维斯,主演
黑客帝国,沃卓斯基兄弟,导演
黑客帝国,1999年,上映年份
魂断蓝桥,罗伯特·泰勒,主演
魂断蓝桥,费雯·丽,主演
魂断蓝桥,梅尔文·勒罗伊,导演
魂断蓝桥,1940年,上映年份
卢旺达饭店,唐·钱德尔,主演
卢旺达饭店,杰昆·菲尼克斯,主演
卢旺达饭店,尼克·诺尔特,主演
卢旺达饭店,苏菲·奥康尼多,主演
卢旺达饭店,特瑞·乔治,导演
卢旺达饭店,2004年,上映年份
阿凡达,萨姆·沃辛顿,主演
阿凡达,佐伊·索尔达娜,主演
阿凡达,西格妮·韦弗,主演
阿凡达,詹姆斯·卡梅隆,导演
阿凡达,2009年,上映年份
假如爱有天意,孙艺珍,主演
假如爱有天意,赵寅成,主演
假如爱有天意,曹承佑,主演
假如爱有天意,郭在容,导演
假如爱有天意,2003年,上映年份
飞越疯人院,路易丝·弗莱彻,主演
飞越疯人院,丹尼·德维托,主演
飞越疯人院,杰克·尼科尔森,主演
飞越疯人院,米洛斯·福尔曼,导演
飞越疯人院,1975年,上映年份
素媛,薛景求,主演
素媛,严智媛,主演
素媛,李甄,主演
素媛,金海淑,主演
素媛,李俊益,导演
素媛,2013年,上映年份
香水,达斯汀·霍夫曼,主演
香水,本·威士肖,主演
香水,汤姆·提克威,导演
香水,2006年,上映年份
燃情岁月,安东尼·霍普金斯,主演
燃情岁月,布拉德·皮特,主演
燃情岁月,爱德华·兹威克,导演
燃情岁月,1994年,上映年份
荒野生存,埃米尔·赫斯基,主演
荒野生存,西恩·潘,导演
荒野生存,2007年,上映年份
新龙门客栈,张曼玉,主演
新龙门客栈,梁家辉,主演
新龙门客栈,甄子丹,主演
新龙门客栈,林青霞,主演
新龙门客栈,李惠民,导演
新龙门客栈,1992年,上映年份
肖申克的救赎,摩根·弗里曼,主演
肖申克的救赎,蒂姆·罗宾斯,主演
肖申克的救赎,弗兰克·德拉邦特,导演
肖申克的救赎,1994年,上映年份
秒速5厘米,新海诚,导演
秒速5厘米,2007年,上映年份
朗读者,大卫·克劳斯,主演
朗读者,凯特·温丝莱特,主演
朗读者,拉尔夫·费因斯,主演
朗读者,史蒂芬·戴德利,导演
朗读者,2008年,上映年份
爱在黎明破晓前,伊桑·霍克,主演
爱在黎明破晓前,朱莉·德尔佩,主演
爱在黎明破晓前,理查德·林克莱特,导演
爱在黎明破晓前,1995年,上映年份
麦兜故事,2001年,上映年份
记忆碎片,夏梓桐,主演
记忆碎片,雷佳音,主演
记忆碎片,朴裕焕,导演
记忆碎片,2016年,上映年份
海上钢琴师,蒂姆·罗斯,主演
海上钢琴师,比尔·努恩,主演
海上钢琴师,梅兰尼·蒂埃里,主演
海上钢琴师,朱塞佩·托纳托雷,导演
海上钢琴师,1998年,上映年份
三傻大闹宝莱坞,阿米尔·汗,主演
三傻大闹宝莱坞,沙尔曼·乔什,主演
三傻大闹宝莱坞,马德哈万,主演
三傻大闹宝莱坞,卡琳娜·卡普,主演
三傻大闹宝莱坞,拉库马·希拉尼,导演
三傻大闹宝莱坞,2011年,上映年份