name,text
卡俄斯,卡俄斯（又译卡欧斯、卡奥斯；英语/拉丁语：Chaos；希腊语：Χάος），原初秩序、时间和空间及载体本身，世界的开端及开始。根据古希腊神谱（公元前7世纪）描述：宇宙之初，卡俄斯最先独自诞生，是无边无际、充满黑暗和光亮的载体。随卡俄斯之后，先诞生大地之神盖亚（Gaia）随后地狱深渊神塔耳塔洛斯（Tartarus）和爱神厄洛斯（Eros）相继独立诞生，世界由此开始。
盖亚,盖亚（希腊语：Γαία、英语：Gaia(Gaea)），是古希腊神话中的大地女神，众神之母，所有神灵中德高望重的显赫之神，盖亚与混沌（卡俄斯）同时诞生，也是第一位超原始神明，她是大地的神格化，是第一位真正意义上的创世神，也是能创造生命的原始自然力之一（大地）。她的出现标志着混沌开始由无序转为有序，也标志着万物开始产生。《神谱》中这样描述她：“冲突与混乱来自于万神之母盖亚，也正是这位大母神生出了所有光明宇宙的天神。在她的身上，我们既看到了创造，又看到了毁灭，既看到了秩序，又看到了混乱，而总的说来，黑暗和混沌是她的本质。”[1] 她是宙斯的祖母，她生下了天神乌拉诺斯（Uranos）、海神蓬托斯（Pontus）和山神乌瑞亚（Ourea），并与乌拉诺斯结合生了十二提坦巨神、三个独眼巨人、三个百臂巨人，而所有天神都是她的子孙后代。
乌拉诺斯,乌拉诺斯（英语：Uranus）[1] 是古希腊神话中的第一代神王、天空之神。从大地之神盖亚的指端诞生，最初作为宇宙统治者的第一代众神之王、即天空的神格化。象征希望与未来，并代表天空。乌拉诺斯既是盖亚的儿子，也是盖亚的丈夫，是十二提坦巨神、独眼巨人与百臂巨人的父亲。[2] 
塔耳塔洛斯,"塔尔塔洛斯（Τάρταρος, Tartarus）是“地狱”的代名词，是地狱冥土的本体。塔尔塔洛斯在盖亚诞生后诞生，是人死后灵魂的归所，用冥河与人间世界连通。神话中，主神宙斯囚禁了自己的父亲万神之主克洛诺斯而取得天、地、海和地狱的统治权后，自己留下天空和万神主人的身份，把大地留给自己的祖母盖亚，把海洋赠给自己的哥哥波塞冬，地狱被送给自己的大哥哈迪斯（Hades），这样，在神话中的哈迪斯就成为地狱的代名词（事实上他是冥王）。 复仇女神平时在这里居住，责罚着犯下永恒罪孽的人或神。"
提丰,提丰（希腊语：Τυφωευς / Τυφων / Τυφαων / Τυφως；英语： Typhoeus / Typhon / Typhaon / Typhos），又译堤丰。是希腊神话中象征风暴的泰坦巨人。据《神谱》记载，堤丰为大地之母盖亚之子。传说降生之地在奇里乞亚地区的山洞里。拥有百龙之首、漆黑之舌、喷火之目，身体比天还高，浑身覆有羽毛并生有一对翅膀。提丰与妻子厄喀德那生下了许多可怕的魔怪，如百首巨龙拉冬、九头蛇海德拉、地狱三头犬刻耳柏洛斯、双头犬欧特鲁斯、尼米亚猛狮、狮头羊身怪奇美拉、狮身人面兽斯芬克斯、海怪斯库拉等
厄洛斯,厄洛斯（古希腊语：Ἔρως，英语：Eros），最早的来源称他是参与世界创造的一位原始神，赫西俄德认为：他是世界之初创造万物的基本动力，是一切爱欲和情欲的象征，但在柏拉图之后，他被认为是爱神阿佛洛狄忒的儿子，一个手持弓箭的美少年。在早期神话中，厄洛斯被认为是与卡俄斯一起诞生的原始神，是卡俄斯、最初的大地女神盖亚、深渊之神塔耳塔洛斯的同辈，与其同辈神同样具有原始神灵的特点，被认为是一切神灵情爱的的化身。在晚期希腊神话中，厄洛斯是阿佛洛狄忒和阿瑞斯私通而生的小儿子 [1]  ，形象为一个手拿弓箭、光着小脚丫、长有一对小翅膀的淘气小男孩。而到了后来，厄洛斯的形象又转变为一个容貌英俊的男青年。
厄瑞玻斯,厄瑞玻斯（古希腊语：Ἔρεβος/Ἐρέβευς 英语：Erebus）[1] ，由卡俄斯（Chaos/Khoas）所生。他是黑夜女神倪克斯的哥哥和丈夫，并且和她生下了埃忒尔、赫墨拉 （见赫西俄德《神谱》）。神话中他也是地下世界的一个部分，位于大地（或者说阳世）与冥土之间[2] ，是死者最先经过的地方，有时又和塔耳塔洛斯混同。
埃忒尔,埃忒尔（Αἰθήρ，Aether）：天空之神，厄瑞玻斯与倪克斯之子。埃忒尔，在希腊神话中是“太空”的拟人化神，他代表了太空。
倪克斯,倪克斯（希腊文：Νύξ，英文：Nyx），罗马又称诺克斯（Nox），是希腊神话中的黑夜女神，为原始神之一，夜的本体与化身，与丈夫和哥哥厄瑞玻斯一同由混沌卡俄斯所生。倪克斯不仅神位崇高，是希腊神话中为数不多在所有神话体系中拥有强大力量的伟大神明之一，还具有同时制约凡人和众神的强大力量。倪克斯是有天光、白昼、梦、死亡、睡眠、命运、痛苦、衰老、辛劳等具有象征意义的神祇。倪克斯与赫卡忒、赫拉克勒斯等为宙斯敬重的神，倪克斯在俄耳甫斯教是宙斯的养母。[1] 
蓬托斯,蓬托斯（Πόντος/ Pontos，“波涛”）在希腊神话中是象征“大海”的男神。他是大地母神盖亚产生的海神。他和盖亚又生育了象征大海友善的海洋老人涅柔斯、象征大海奇迹的陶玛斯、象征大海愤怒的福耳库斯、象征大海危险的刻托、象征大海力量的欧律比亚。
乌瑞亚,乌瑞亚（Oὔρος，Ourea）：古希腊神话中理解为神格化的「山」神，地母盖亚（Gaea）之子，乌拉诺斯（Uranus）及蓬托斯（Pontus）之弟。因大地的运动，于平坦之中生出凹凸，高耸入云的凸起即为“山”。
克洛诺斯,克洛诺斯（古希腊语：Κρόνος；英语：Kronos），是古希腊神话中的第二代神王，原为第一代神王神后乌拉诺斯和盖亚的儿子，泰坦十二神中最年轻的一个。人们常常把他跟古希腊俄耳甫斯教的时间之神柯罗诺斯（古希腊语：Χρόνος；英文名：Chronos / Khronos）相混淆。值得注意并区分的是，虽然同属古希腊神话体系，但柯罗诺斯与赫西俄德的《神谱》中的泰坦（Titans）神族的神王克洛诺斯（Kronos 古希腊语：Κρόνος，宙斯之父）并不是一个人物，只是名字写法相似。两者虽同属于古希腊文明，但出自不同教派，彼此之间原本没有什么对应和关联。克洛诺斯推翻了他父亲乌拉诺斯的残暴统治后，领导了希腊神话中的黄金时代，直到他被他自己的儿子宙斯推翻之后。他和其他的泰坦神大多被关在地狱的塔尔塔罗斯之中。
俄刻阿诺斯,俄刻阿诺斯（Oceanus) 或称欧申纳斯。十二提坦神（Titans)之一，水神大洋神，他是那条环绕着宇宙转动的河流腰带，故而他的结尾也是开端：这条宇宙之河自我组成一个圆圈在转动。他的妻子是他的姐姐海之女神泰西斯（Tethys），他们生了大洋神女（俄刻阿尼得斯）与河神（波塔摩斯），几乎世上所有的海洋河流。欧申纳斯（古希腊语：Ὠκεανός）希腊神话里的一个提坦巨神，大洋河的河神。所谓大洋河是希腊人想象中环绕整个大地的巨大河流，代表了世界上的全部海域。在最原始的荷马史诗里，俄刻阿诺斯是原始神之一，与其妻泰西斯一起为其他所有神的始祖，是一对创世神夫妇。而后来被广为接受的赫西俄德的体系则把他划为由原始神产生的第二代神，为地母盖亚与天神乌拉诺斯之子。
许珀里翁,许珀里翁，男，十二提坦之一，本意为“穿越高空者”，在《伊利亚特》中用于修饰或指代日神赫利俄斯。在《奥德赛》中为赫利俄斯之父，但在荷马史诗中他不是提坦，赫西俄德认为他是该亚和乌拉诺斯之子，在赫西俄德之后，其身为提坦的身份不可动摇。在许癸努斯的《传说集》前揭中，其由埃忒耳所生。
科俄斯,科俄斯（古希腊语：Κοῖος，英语：Coeus）是乌拉诺斯和盖亚之子。十二提坦神之一，κοῖος在古希腊语中是疑问词“什么，什么样的”其他含义未知。但从《神谱》404行到452行来看科俄斯的司掌的应该和天体有关。和其他第一代提坦一样，科俄斯是地神盖亚与天神乌拉斯诺之子。没有什么关于科俄斯的神话，他只是在列举提坦的名字时才被连带着提到。
克利俄斯,克利俄斯或克瑞俄斯，古希腊神话中天父乌拉诺斯与地母盖娅所生的12位泰坦之一。
伊阿珀托斯,伊阿珀托斯（Ιάπετος）是乌刺诺斯与该亚的儿子，巨人之一，阿特拉斯，普罗密修斯、厄庇墨斯、墨诺提俄斯的父亲。古代希脂人把他作为人类的始祖[1] 。
瑞亚,瑞亚（英语：Rhea）是希腊神话中的第二代众神之王后，大地女神盖亚与天空之神乌拉诺斯所生的女儿，泰坦神族之王克洛诺斯的妻子，原为十二提坦巨神之一、掌握时光流逝的女神。最后被夺去时间变成石像，随着克罗诺斯一起死去，将其变成石像的人物不明。
忒堤斯,泰西斯是希腊神话中的海之女神。她是希腊第一位、最初的海洋女神，因此在希腊语中，泰西斯也是“祖母”的意思，在早期神话中，她是一位创世女神。她与大洋神欧申纳斯生下的众多子女里，每一个孩子都代表着小溪、河流或者大海。[1] 
忒亚,十二提坦之一，“Θεία”一名最早出现在赫西俄德的《神谱》[1] 中，是“θειος（神，神的）”的阴，意为“女神，女神的”。赫西俄德认为她是盖亚和乌拉诺斯之女，在后来的神话中得到普遍支持[1-3] 。在荷马祷歌里被称为“Εὐρυφάεσσα（音译为欧律法厄萨）”，字面意思为“广大的光”[4] 所以被她认为是古光明女神。
福柏,福柏，乌拉诺斯和盖亚之女；一位提坦，传统上与神谕有联系，被认为是光之女神。后嫁给科俄斯为妻。
忒弥斯,忒弥斯（Θεμις / Themis，“法律”）是法律和正义的象征。 她是乌拉诺斯的女儿，十二泰坦（提坦）神之一。作为宙斯的姑妈和第二位妻子（在墨提斯之后），她和宙斯生育了荷赖（时序三女神）和摩赖埃（命运三女神）[1] 。
谟涅摩叙涅,谟涅摩绪涅（古希腊语：Μνημοσύνη，英语：Mnemosyne）希腊神话里司记忆、语言、文字的女神 ，十二提坦之一。依据赫西俄德《神谱》[1] 她是乌拉诺斯和盖亚之女，和宙斯结合生下九位缪斯。然而许癸努斯提供了她身世的另一种说法，称她是埃忒耳（或俄刻阿诺斯）和盖亚所生。在罗马她被称为摩涅塔（Moneta）英文为Mnemosyne。在许多神话和传说中，她作为缪斯的母亲，最初是口头叙事诗人的庇护者。她也是古老的时间女神[2-3] ，她还是一个的次要神谕女神。她负责的地下神谕在玻俄提亚的特洛福尼俄斯。
赫利俄斯,赫利俄斯（Helios），是古希腊神话中的太阳神，依据赫西俄德的《神谱》 ，是提坦神许珀里翁与忒亚儿子，月女神塞勒涅和黎明女神厄俄斯的兄弟， 传说他每日乘着四匹火马所拉的日辇在天空中驰骋，从东至西，晨出晚没，令光明普照世界。在后世神话中，他与阿波罗被逐渐混为一体。在罗马他被称为索尔（Sol）。
塞勒涅,塞勒涅（Selene）是古希腊神话中的月亮女神。依据赫西俄德的《神谱》 [1] 记载，她是提坦巨神许配里翁与忒亚的第二个孩子、第一个女儿，太阳神赫利俄斯和黎明女神厄俄斯的姊妹。塞勒涅在神话中的传统形象是：戴着光辉的新月冠，身披长袍或戴着面纱；有时长有双翼，顶着金色光环，乘坐一辆由两匹神马（一说是牛，取以牛角象征新月之意）拉动的月车在夜空中飞驰，当白昼来临时消失于欧申纳斯中。 在古典神话中，塞勒涅与其兄弟赫利俄斯每天轮流驾车从天空经过，形成昼夜交替。对应罗马的露娜、狄安娜等女神。
厄俄斯,厄俄斯是古希腊神话中的黎明女神，是提坦神许珀里翁（Hyperion）与光明女神忒亚（Thea）的女儿，太阳神赫利俄斯（Helius）和月亮女神塞勒涅（Selene）的姐姐。
勒托,勒托（Leto），是希腊神话中的泰坦女神。她是一个保育、哺乳的女神，因此可能衍化为阿尔忒弥斯、阿波罗两位大神的哺养者、母亲。勒托的名字含义可能有“遗忘”、“模糊的”、“隐蔽的”意思，一般只和她的孩子一起被崇拜。提坦之女，宙斯的堂、表姐，宙斯第六任妻子，提坦十二神之一的科俄斯（Coeus）与光之女神福柏（Phoebe）的女儿，流星女神阿斯忒瑞亚（Asteria）的姐姐。她的神性是静止的、隐匿的。[1-2] 
阿斯忒瑞亚,阿斯忒瑞亚（即阿斯特瑞亚，阿斯忒里亚；英文：Asteria/希腊文：Άστερία）：希腊神话里的流星女神，可能也是一个在梦中发布神谕的泰坦女神。是哺育女神勒托之妹，泰坦科俄斯和福柏所生，和勒托同时为提洛斯岛崇拜的女神。阿斯忒瑞亚的名字有“明星”的意思，她曾经坠入海中化身为岛屿，所以是一位跟流星有关的女神，同时她与总管所有星辰的群星之神阿斯特赖俄斯有词源上的联系。
阿斯特赖俄斯,阿斯特赖俄斯是古希腊的群星之神，提坦神之一。在古代艺术和占星学中是一位和恒星和行星相关的神，和黎明女神厄俄斯生下了众风神和众星辰，根据另一种说法，他是正义与星辰女神阿斯翠亚（阿斯特赖亚艾斯特莱雅）[1] 的父亲。
珀耳塞斯,珀耳塞斯，希腊神话里司掌毁灭的泰坦神 ，拥有不可思议的神力。依据赫西俄德的《神谱》[1] ，他是克利俄斯和欧律比亚之子，帕拉斯和阿斯特赖俄斯的兄弟。他和阿斯忒里亚结合生下了赫卡忒。在希腊神话中，是多数没有具体神话传说及人物形象的神明之一。
帕拉斯,帕拉斯（希腊语：Παλλας；英语：Pallas）是希腊神话中与战争、兵法有关的神，他也是与 晚春时节的选举季有关的神。他的妻子是大洋神女中的长姐斯堤克斯。[1] 帕拉斯是胜利女神奈姬的父亲，智慧女神雅典娜的姨父。
阿特拉斯,阿特拉斯（希腊语：Άτλας、英语：Atlas），或译亚特拉斯，是古希腊神话中的擎天巨神，属于泰坦神族。他被宙斯降罪用双肩支撑苍天。
普罗米修斯,普罗米修斯（古希腊语：Προμηθεύς、英语：Prometheus，名字的含义是“先见之明”），是古希腊神话中泰坦一族的神明之一，他是地母盖亚与乌拉诺斯的儿子伊阿珀托斯与克吕墨涅所生，和厄庇墨透斯是兄弟。普罗米修斯曾与智慧女神雅典娜共同创造了人类，普罗米修斯负责用泥土雕塑出人的形状，雅典娜则为泥人灌注灵魂，并教会了人类很多知识。普罗米修斯还反抗宙斯，将火种带到人间。[2] 
埃庇米修斯,希腊神话中伊阿佩托斯(Iapetus)，与海洋女神克吕墨涅(Clymene）之子，普罗米修斯、阿忒拉斯和墨诺提俄斯（Menoetius）的兄弟，潘多拉的丈夫。
墨诺提俄斯,墨诺提俄斯是第二代泰坦，提坦神伊阿珀托斯与克吕墨涅的儿子，阿特拉斯、普罗米修斯和厄庇墨透斯的兄弟。他参加了提坦众神反抗宙斯的战争（参见提坦战争）。他在特里费勒山的战斗中被宙斯击败（一说是被闪电击中），与其他泰坦一样被投入塔耳塔罗斯监禁了起来。
宙斯,宙斯（古希腊语：Ζεύς、希腊语：Δίας、英语：Zeus），是古希腊神话中的第三代神王，统治世间万物至高无上的天神，奥林匹斯十二主神之首。是希腊神话中最伟大的神。罗马神话中对应宙斯的神祇是朱庇特（Jupiter或Jove）。宙斯被称为“众神之王”或“奥林匹斯之王”，同时也是天空与雷电之神。当他心情好的时候，天上就阳光明媚、晴空万里。当他愤怒时，天空就会乌云密布、电闪雷鸣。[1] 因为古希腊人及罗马人崇拜宙斯，因此在神话里将宙斯说成是自己的祖先，奥林匹斯的许多神祇和许多希腊英雄都是他和不同女子生下的子女。他以雷电为武器，维持着天地间的秩序，公牛和鹰是他的标志。他的两个兄弟波塞冬和哈迪斯分别掌管海洋和冥界。宙斯守护的星座是射手座。
赫拉,赫拉（希腊语：Ἥρα、英语：Hera），是古希腊神话中的第三代天后，同时也是婚姻与生育女神、奥林匹斯十二主神之一。第二代神王神后克洛诺斯和瑞亚的女儿，与宙斯分享权力的共治者，宙斯的姐姐和第七位妻子。她和宙斯共同育有赫菲斯托斯、阿瑞斯、赫柏和厄勒梯亚。罗马神话中与之对应的是天后朱诺。她的名字在古希腊语中为“贵妇人”、“女主人”、“高贵的女性”的意思。古希腊诗人—赫西俄德的著作《神谱》中则把赫拉称为“脚穿金鞋的赫拉（gold-shod Hera）”；在荷马史诗中，她被称为“白臂女神赫拉（white-armed goddess Hera）”、“金座女神赫拉（golden-seated goddess Hera）”以及“牛眼睛的天国王后（ox-eyed Queen of Heaven）”，形容坐在黄金宝座上的天后赫拉异常美丽，拥有一双炯炯有神和洞察一切事物的大眼睛，臂膀洁白如百合，一头秀美的卷发从王冠下边泻出，流露出威严而安详的神情。
波塞冬,波塞冬（希腊语：Ποσειδῶν、英语：Poseidon），是古希腊神话中的海神，奥林匹斯十二主神之一。同时也是掌管马匹的神，传说他给予了人类第一匹马，他的坐骑是白马驾驶的黄金战车，他是宙斯和哈迪斯的兄弟。波塞冬愤怒时海中就会出现海怪，当他挥动三叉戟时，不但能轻易掀起滔天巨浪，引发风暴和海啸来使大陆沉没、天地崩裂，还能将万物打得粉碎，甚至引发大地震。当他的战车在大海上奔驰时，波浪会变的平静，并且周围有海豚跟随。因此爱琴海附近的希腊海员和渔民对他极为的崇拜。[1] 罗马人在帝国后期以罗马神与希腊神对应。与波塞冬对应的罗马神为海神尼普顿（Neptune），海王星的拉丁名便起源于他。
德墨忒尔,德墨忒尔（希腊语：Δήμητρα、英语：Demeter），是古希腊神话中的农业、谷物和丰收的女神，奥林匹斯十二主神之一。在罗马神话中与德墨忒尔相对应的神祇是谷神克瑞斯（拉丁语：Ceres）。德墨忒尔教会人类耕种，给予大地生机。她具有无边的法力，可以使土地肥沃、植物茂盛、五谷丰登，也可以令大地枯萎、万物凋零、寸草不生。可以让人拥有享之不尽的财富，同时也可以让人家徒四壁、一贫如洗。德墨忒尔是克洛诺斯和瑞亚的女儿，赫斯提亚的妹妹，赫拉、哈迪斯、波塞冬和宙斯的姐姐，后与宙斯生下了冥后珀耳塞福涅。
阿波罗,阿波罗（希腊语：Απόλλων、英语：Apollo），是古希腊神话中的光明、预言、音乐和医药之神，消灾解难之神。同时也是人类文明、迁徙和航海者的保护神。亦是宙斯和勒托之子，阿尔忒弥斯的孪生弟弟。[1] 阿波罗又被称作福玻斯·阿波罗（Φοίβος Απόλλων），而福玻斯是“光明”或“光辉灿烂”的意思。阿波罗是所有男神之中相貌最英俊的一个，他快乐、聪明、拥有着阳光般的气质，是许多艺术家在诗画中赞颂的对象。在神谱里面，太阳神指的是赫利俄斯。他是光神海波里斯的儿子。[7] 阿波罗是艺术之神，并非太阳神。在著名的《荷马史诗》（公元前8世纪）的记载中，阿波罗被称为弓箭之王、远射神、金剑王。
阿尔忒弥斯,阿尔忒弥斯（希腊语：Ἄρτεμις、英语：Artemis），又名辛西亚，是古希腊神话中的狩猎女神，被称为“野兽的女主人与荒野的领主”。奥林匹斯十二主神之一。亦是宙斯（Zeus）和勒托（Leto）之女，阿波罗（Apollo）的孪生姐姐。[1] 阿尔忒弥斯自由独立，热爱野外生活，反对男女婚姻。她喜欢的是不嫁的处女们，以及那些蔑视阿佛洛狄忒（Aphrodite）的青年男女，她与赫斯提亚（Hestia）、雅典娜（Athena）被视为奥林匹斯山上的三处女神。她从小就向父亲宙斯许诺做永远的处女，同时索要弓箭、所有的山脉和20个给她保养猎靴的宁芙侍女。在林莽和山野间，阿尔忒弥斯手持弓箭，由猎狗伴随，与侍奉她的众仙女以狩猎为乐。她很喜欢金角鹿，并抓到这种鹿给她拉车。[2] 阿尔忒弥斯因被命运女神选为接生神，于是便向宙斯索取主管接生新生儿的权力。她是古希腊人祭祀最多的神祇之一。世界七大奇迹之一的阿尔忒弥斯神庙就是专门为她修建的。
阿瑞斯,阿瑞斯（希腊语：Ἄρης、英语：Ares），是古希腊神话中的战争之神，奥林匹斯十二主神之一，亦是众神之王宙斯和天后赫拉之子，被视为尚武精神的化身，罗马神话中与之对应的是玛尔斯（Mars）。在奥林匹斯诸神中，阿瑞斯是战争、兵变、杀戮与暴乱之神。他被形容为“嗜血成性的杀人魔王以及有防卫的城堡的征服者”。他是力量与权力的象征，嗜杀、血腥，人类祸灾的化身。
雅典娜,雅典娜（希腊语：Ἀθήνη、英语：Athena），也称帕拉斯·雅典娜，是希腊神话中的智慧女神和战争女神。奥林匹斯十二主神之一[1] 。古希腊文献所述雅典娜是一位端庄貌美的年轻女神，她从人类被创造起就常驻凡间，教会人类各种生存知识，为人类创造了初始的生存工具。[5-6] 雅典娜也是艺术女神、手工艺的保护神，她传授人类纺织、烹饪、园艺、陶艺等工艺；绘画、音乐、诗歌、舞蹈等艺术。密教祷歌称她为“创始艺术的”[2] 。同时她还是军事、农业、医疗、航海、驯马的保护神；法庭与秩序的女神。她创立了雅典的第一法庭。[6] 雅典娜渴望独立、坚持不婚，与阿尔忒弥斯、赫斯提亚被视为奥林匹斯山上的三处女神。她是少女未婚时期的保护神，亦是妇女劳动和生育的保护神，希腊妇女亲切地称她为“厄耳伽妮（Ἐργάνη，意为女工）”[3-4] [6] 雅典娜是宙斯和智慧女神墨提斯的女儿。盖亚和乌拉诺斯预言，墨提斯未来的孩子都聪明且强大，她生下明眸女儿后，会再生一个推翻宙斯的儿子。宙斯惧怕子女所带来麻烦，于是趁墨提斯还怀着雅典娜时，便将母女俩吞入腹中。此后宙斯头痛欲裂，只好要求火神赫菲斯托斯（或普罗米修斯或赫尔墨斯）劈开他的头颅，刚举起斧头，令诸神惊讶的是，一位体态婀娜、披坚执锐的美丽女神，竟冲破宙斯的头颅一跃而出。[7] 
赫菲斯托斯,赫菲斯托斯（希腊语：Ἥφαιστος、英语：Hephaestus），是古希腊神话中的火神、锻造与砌石之神、雕刻艺术之神。奥林匹斯十二主神之一。是宙斯和赫拉的儿子（或由赫拉独生），阿佛洛狄忒或阿格莱亚的丈夫。赫菲斯托斯善于建造神殿，制作各种武器和金属用品，技艺高超，被誉为工匠的始祖，以及锻造的庇护神。在利姆诺斯、西西里等岛屿最初尊他为地火之神，据说当大地轰隆震响、火山喷发，就是他在打铁。赫菲斯托斯对应罗马神话中的伏尔甘（Vulcan），伏尔甘本身是罗马的古老神明，但他起初并没有更多事迹，只是单纯的火焰化身，后罗马人将他与赫菲斯托斯进行混同，使其获得了锻造神的身份。据说这个神明的名字起源于克里特岛，而西方语言中的“火山”一词便是源于其名字。
阿佛洛狄忒,阿佛洛狄忒（希腊语：Ἀφροδίτη、英语：Aphrodite），是古希腊神话中爱情与美丽的女神，同时也是性欲女神，奥林匹斯十二主神之一。因其诞生于海洋，所以有时还被奉为航海的庇护神。阿佛洛狄忒生于海中浪花，拥有白瓷般的肌肤、金发碧眼和古希腊女性完美的身材和相貌，象征女性的美丽，被认为是女性身体美的最高象征。阿佛洛狄忒是火与工匠之神赫菲斯托斯（Hephaestus）的妻子，但经常对丈夫不忠，有关她的恋爱传说很多。在古希腊、古罗马以及文艺复兴时期艺术作品的，她会被塑造成绝色美人，而有关于她的最著名的雕像，是在米洛斯岛出土的“米洛斯的阿弗洛狄忒”。[1] 
赫尔墨斯,赫尔墨斯（希腊语：Ἑρμῆς、英语：Hermes），是古希腊神话中的商业、旅者、小偷和畜牧之神。也是众神的使者，奥林匹斯十二主神之一。是宙斯与阿特拉斯之女迈亚的儿子，罗马又称墨丘利。赫尔墨斯出生在阿耳卡狄亚的一个山洞里，最早是阿耳卡狄亚的神。奥林匹斯统一后，他成为宙斯的传旨者和信使。同时也被视为行路者、医生、小偷和商人的保护神、以及雄辩之神。传说他发明了尺、数和字母。他聪明狡猾，又被视为欺骗之术的创造者，他把诈骗术传给了自己的儿子。他还是里拉琴的发明者，是希腊各种竞技比赛的庇护神。后来他又与古埃及的智慧神托特混为一体，被认为是魔法的庇护者，他的魔杖可使神与人入睡，也可使他们从梦中苏醒过来。
狄俄尼索斯,狄俄尼索斯（希腊语：Διόνυσος、英语：Dionysus），是古希腊神话中的酒神，奥林匹斯十二主神之一。狄俄尼索斯是古希腊色雷斯人信奉的葡萄酒之神，不仅握有葡萄酒醉人的力量，还以布施欢乐与慈爱在当时成为极有感召力的神，他推动了古代社会的文明并确立了法则，维护着世界的和平。此外，他还护佑着希腊的农业与戏剧文化。在奥林匹斯山的传说中他是宙斯与塞墨勒之子（另一说法是宙斯与珀耳塞福涅）。古希腊人对酒神的祭祀是秘密宗教仪式之一，类似对于德墨忒尔与珀耳塞福涅的厄琉西斯秘仪。在色雷斯人的仪式中，他身着狐狸皮，据说是象征新生。而专属酒神的狄俄尼索斯狂欢仪式是最秘密的宗教仪式。狄俄尼索斯神名中的Dio-，一般相信可能是源自于宙斯（Zeus，属格Dio），就像狄俄斯库里兄弟（古希腊语：Διόσκουροι，拉丁语：Dioscūrī）的名称中也有Dio-一样。学者Robert S. P. Beekes则认为他的神名可能起源自前希腊时期。狄俄尼索斯崇拜的起源很早，在迈锡尼希腊语中，以线形B文字留下的记录中，将他的神名写为:0（di-wo-nu-so）。历史学家认为，约在公元前1500年至1100年之间，狄俄尼索斯信仰就已经在迈锡尼文明中盛行。有些学者相信，这个信仰可能在米诺斯文明时就已经出现。
赫斯提亚,赫斯提亚（希腊语：Ἑστία、英语：Hestia，意为“炉”或“炉边”），是古希腊神话中的炉灶与家庭女神，也是圣火女神。奥林匹斯十二主神之一。赫西俄德认为她是第二代神王神后克洛诺斯和瑞亚的第一个孩子，德墨忒尔、赫拉、哈迪斯、波塞冬和宙斯的大姐。赫斯提亚是奥林匹斯山上最神圣、最古老的神明，与雅典娜、阿尔忒弥斯被视为奥林匹斯山上的三处女神。赫斯提亚为了躲避波塞冬和阿波罗的追求，向宙斯要求得到主掌人间所有家灶的权力，宙斯应允了她，并使赫斯提亚成为奥林匹斯所有女神中的首席。
哈迪斯,哈迪斯（希腊语：Ἅιδης、英语：Hades，又译黑帝斯、哈得斯、哈帝斯等），是希腊神话中的冥王，宙斯与波塞冬的兄弟，宙斯与得墨忒耳之女珀耳塞福涅的配偶神。哈迪斯经常被称为“地府的宙斯”，是一个与宙斯混同或被视为宙斯冥界化身的冥神。他也被当成是宙斯和波塞冬的兄弟，《伊利亚特》中他是宙斯与波塞冬的三弟[1] ，《神谱》中他是宙斯与波塞冬的大哥。哈迪斯在古希腊属于克托尼俄斯神，即大地与地下的神。他的神庙很少，仅在伊利斯地区有一座[2] ，通常不属于最受欢迎的十二主神，希腊发行的十二神邮票没有哈迪斯。但偶尔一些十二神版本，会列入赫拉克勒斯、美惠女神、哈迪斯等神，柏拉图联系了十二神和十二个月的关系，他认为哈迪斯应当和最后一月相联系，代表死者的亡魂。哈迪斯被描绘成一个长胡子、持鸟头杖、带有三头犬的神，与死神塞拉匹斯神混淆[3] 。冥界大多数事务有其他神掌管，珀耳塞福涅掌管鬼魂祭祀，死神和睡神搬运尸体，宙斯派来的三判官审案或上报宙斯[6] 。哈迪斯管理的事务较少，他通常被古希腊人视为冥界的拟人，是冥界之神[4] 。他有个别名是埃多纽斯，意为“众客之主”，是掌管鬼魂们的神[5] 。他有时也是珀耳塞福涅附属的一名厄琉息斯神[5] 。
俄尼里伊,俄尼里伊（Onirii）/奥涅伊洛斯（Oneiros）：希腊神话中的梦呓神族（三千梦神），一说为尼克斯之子，一说为修普诺斯之子。他们是所有梦的化身，奥涅伊洛斯肩生黑翼，居住在梦乡，位于大洋彼岸，冥界之边。梦乡有两扇大门，从牛角门出来的为虚假之梦，而从象牙门出来的则是真实之梦。罗马神话中对应宋尼亚（Somnia）。
阿涅弥伊,阿涅弥伊是古希腊神话中四大风神的统称，包括北风神玻瑞阿斯、南风神诺托斯、东风神欧洛斯和西风神仄费洛斯，皆为阿斯特赖俄斯与厄俄斯的儿子。
阿斯特拉,阿斯特拉，特摄剧《雷欧·奥特曼》中登场的奥特曼，是雷欧·奥特曼的孪生弟弟，同样来自L77星球。因为L77星球被马格马星人毁灭而不知所踪。最后他被奥特之王从马格马星中解救出来，并参加了保卫地球的战斗，与哥哥合力打败了许多强敌[1] 。阿斯特拉拥有匹敌雷欧的实力，在一般情况下他的行踪不为人知，但每逢雷欧危急之时，阿斯特拉肯定会及时赶到支援。后来因为拯救了奥特之星和地球（详情见《雷欧·奥特曼》第39话）得到了奥特之王的认可，与哥哥雷欧一起加入了奥特兄弟的行列，也作为赛罗的代理教练指导其成长。阿斯特拉（Astra）的名字设计，来自于「飞鸟（asuka）」和「老虎（tora）」两个词的日文发音组合[1] 。
波塔摩斯,波塔摩斯（单数：Ποταμός/复数：Ποταμοί）河神，欧申纳斯和泰西斯的三千个儿子。代表着所有的河流。他们有出名的姐妹俄刻阿尼得斯。
俄刻阿尼得斯,俄刻阿尼得斯（希腊语：Ωκεανιδες，即“大洋神女”），希腊神话中大洋神俄刻阿诺斯与沧海女神泰西斯所生的三千个女儿，宁芙女神。
墨利阿得斯,墨利亚（希腊语：Μελίαι或Μελιάδες；拉丁语：Meliae或Meliai）女仙又称为墨利阿得斯（希腊语：Μελιάδες，拉丁语：Meliades），是希腊神话中的一群梣树宁芙，属自然神女系。墨利亚从大地之母盖亚因乌拉诺斯阉割的伤口中滴出的血受孕而生，是复仇三女神、百臂巨人的同胞妹妹[1] 。她们也生性好战，人类制作长矛的枪杆就是梣树。
厄里倪厄斯,厄里倪厄斯（古希腊语：Ἐρινύες，字面意思为“愤怒”）是希腊神话中三位复仇女神：阿勒克图（不安女神）（Alecto） 、墨纪拉（妒嫉女神）（Megaera）和底西福涅（报仇女神）（Tisiphone）的统称，意为“”。她们是大地女神盖亚因乌拉诺斯的血液受孕而生的女儿（另一说是从乌拉诺斯的血液中诞生），任务是追捕并惩罚那些犯下严重罪行的人，无论罪人在哪里，她们总会跟着谴责他，使他的良心受到痛悔的煎熬。因此只要世上有罪恶，她们就必然会存在。在古典时代的阿提卡地区，人们举行祭祀仪式时从不直接提到这些女神的名字，而使用其别名欧墨尼得斯（Εὐμενίδες，意为“善良”）。在罗马神话中，厄里倪厄斯的对应者是孚里厄斯（Furiæ，“愤怒”）。在雅典娜的劝说下，厄里倪厄斯改变了复仇的形象，转为繁荣的保护者，被尊称为仁慈女神（Kindly Ones）。
卡里忒斯,美惠三女神(The Graces/Kharites)指的是希腊神话中分别代表着妩媚、优雅和美丽这三种品质的三位美丽美惠三女神的女神。她们是宙斯和欧律诺墨的女儿（此一说），众神的歌舞演员，为人间带来美丽欢乐。分别是光辉女神阿格莱亚(Aglaia)，激励女神塔利亚(Thalia)，欢乐女神欧佛洛绪涅(Euphrosyne)。 汉语音译为：卡里忒斯（希腊语：Χάριτες，代表的意思是“恩惠”或“优雅”、“魅力”；拉丁转写：Charites）在希腊神话中是体现人生全部美好的美惠女神。
摩伊赖,摩伊赖（英语：Moirae）[1] 是希腊神话中三位命运女神的统称，罗马又称Parcae或Fatae（现代英语：Fates，命运）或Norns，中文名亦称帕西，作为宇宙混沌之初最早产生的神，命运女神负责掌控包含泰坦十二天神及奥林匹斯十二主神在内的整个欧洲神话系统中所有神的命运，同时也支配着每一个凡人的命运，是能量最为强大的天神。通常被与众神之王宙斯与法律女神忒弥斯所生的时序三女神所混淆。据说摩伊赖会在新生儿诞生后的第三个晚上出现，来决定它的生命历程。
荷赖,时序女神，希腊神话中司掌季节时间和人间秩序的三女神，又译“荷莱”。跟据赫西俄德《神谱》所述，荷赖是宙斯和忒弥斯的女儿、命运三女神摩伊赖的姐妹。她们分别是：欧诺弥亚（对应“春”），狄刻（对应“夏”）和厄瑞涅（对应“秋”）。在后来的神话中荷赖也对应一日十二时或一年十二月的时间，四季也被象征性地形容为荷赖之间的舞蹈。
狄刻,狄刻（Δικη，Dikê/Dice）：「正义」女神，大神宙斯（Zeus）与法律及正义女神忒弥斯（Themis）之女，时序三女神荷赖（Horae）之一，在罗马被叫做禹斯提提亚（Justitia）。
塔罗,塔罗（希腊文：Θαλλω；英文：Thallo），希腊神话中的春之女神。她属于荷赖女神中的季节三女神之一，有时也属于美惠女神之中。通常认为她是太阳神赫利俄斯与月女神塞勒涅的女儿。[1] 
缪斯,缪斯（希腊语：Μουσαι；拉丁语：Musae；英语：Muses）是希腊神话中主司艺术与科学的九位古老文艺女神的总称。她们代表了通过传统的音乐和舞蹈、即时代流传下来的诗歌所表达出来的神话传说。她们原本是守护赫利孔山（Elikon）泉水的水仙，属于宁芙的范畴。后来人们将奥林匹斯神系中的阿波罗设立为她们的首领。缪斯女神常常出现于众神或英雄们的聚会上，轻歌曼舞，一展风采，为聚会带来不少的愉悦与欢乐。在荷马史诗中，缪斯有时一个，有时数个，均未提及个人名字，只说她们喜爱歌手，给予他们鼓励和灵感。赫西俄德在其《神谱》中说，她们是众神之王宙斯和提坦女神的记忆女神谟涅摩叙涅所生育的9个发束金带的女儿。阿尔克曼则认为她们要比宙斯古老，她们是乌拉诺斯和盖亚的3个女儿。
涅瑞伊得斯,涅瑞伊得斯（希腊语：单数：Νηρείς，复数：Νηρείδες或Νηρηίδες，荷马史诗：Νηρεΐδες，阿提卡方言：Νηρῇδες，即海仙女），是古希腊神话中的海洋女神。它们是有着蓝色头发的海之宁芙，涅柔斯和多里斯的五十个女儿。他们一家都居住在地中海，同波塞冬做伴，并乐于帮助同风暴作斗争的古代水手。她们之中最有名的是忒提斯，是珀琉斯的妻子和阿喀琉斯的母亲；以及安菲特里忒（有时也被归入水仙女），是海神波塞冬的妻子，常被称为海后。
那伊阿得斯,那伊阿得斯（希腊语：Ναϊάδες，来源于动词νάειν，“流动”，以及νἃμα，“流动的水”）希腊神话中的一类低级女神（仙女），宁芙的一种。宁芙是希腊神话中体现自然现象与自然力的女性精灵，分为很多种，而那伊阿得斯就是其中象征江河、湖泊、溪流、山泉乃至井水的仙女。那伊阿得斯只与淡水联系在一起，代表海洋的是俄刻阿尼得斯诸女神；而地中海则地位特殊，专门由涅瑞伊得斯诸女神代表（俄刻阿尼得斯与涅瑞伊得斯都属于宁芙仙女）。古希腊诗人诺诺斯在他的《狄奥尼西卡》中使用了一个自造的词来形容那伊阿得斯：“许得里阿得斯”（意为“水之少女”）。那伊阿得斯在本质上与她所代表的泉水紧密相连。如果一个那伊阿得斯所代表的水体干涸，那她也就死了。
得律阿德斯,得律阿德斯是森林女神的统称，在游戏中通常以树精的形象出现。
俄瑞阿得斯,俄瑞阿得斯（古希腊语：Ὀρειάδες，字面意思是“山之少女”）希腊神话中掌管山脉和岩洞的宁芙仙女（即山岳神女）。
拉姆帕德斯,拉姆帕德斯是希腊神话中冥界的宁芙仙女，她们是魔法女神赫卡忒的同伴，夜晚降临时手持火炬与其一同进行仪式或是招来鬼怪。
赫利阿得斯,在古希腊神话中，赫利阿得斯是赫利俄斯与克吕墨涅所生的三个女儿癸阿勒（Aegiale），埃格勒（Aegle）和阿厄忒里亚（Aetheria）的统称。
赫斯珀里得斯,赫斯珀里得斯（希腊语：Ἑσπερίδες）古希腊神话中的仙女，共有姐妹三人。她们居住在阿特拉斯附近，或者在西方大洋中的一处孤岛、赫拉的花园中看守金苹果树。
许阿得斯,许阿得斯（希腊文：Ὑάδες；英文：Hyades）是希腊神话中阿特拉斯和埃特拉所生的七个女儿的总称。她们与普勒阿得斯七姐妹、赫斯珀里得斯以及卡吕普索为同父异母的姐妹关系。曾经与普勒阿得斯一同养育过幼小的狄俄尼索斯。
普勒阿得斯,普勒阿得斯（古希腊语：Πληιόνης）是古希腊神话中提坦神阿特拉斯和大洋神女普勒俄涅所生的七个女儿的统称。
阿尔库俄尼得斯,阿尔库俄尼得斯（Αλκυονιδες），是希腊神话中的七个宁芙仙女。
忒尔喀涅斯,在后期的神话中他们变成了邪恶的巫师，被宙斯打入大海。忒尔喀涅斯（Telchines，希腊语：Τελχινες）在希腊神话中是罗得岛的第一批居民，出色的冶金术士。他们是塔拉萨的子女，被描述成带蹼的半人半水獭形象，在克里特岛和塞浦路斯知名。他们接受瑞亚的委托，抚养波塞冬长大。波塞冬的三叉戟就是他们和库克洛佩斯（Cyclopes）送给他的礼物。
癸干忒斯,癸干忒斯（希腊语：Γ&#943;γαντε&#962;，也可译为巨灵），指希腊神话中身形雄伟、力大无穷的巨人族。 关于癸干忒斯，有另一种不同的说法值得注意。荷马在奥德赛中提到，癸干忒斯是一个野蛮民族，他们的国王叫欧律墨冬，最终被全部消灭（见奥德赛 Vol7）。
库克罗普斯,独眼巨人，只有一只眼睛长在前额正中的巨人族，群居住在库克罗普斯岛上(Cyclopes)。住在洞里，以岛上的野生物和他们豢养的羊群为食。他们是神祇的仆人，为各神祇工作。
赫卡同克瑞斯,赫卡同克瑞斯是希腊神话中一些有50个头、100只手臂的巨人的统称。他们的名字来自于希腊语词根ἑκατόν（“一百”）和χείρ（“手”），合起来的意思就是“有100只手的”。在拉丁语中，百臂巨人被直译为“凯恩蒂马尼”（Centimani），即“100只手的怪物”。
安菲特里忒,安菲特里忒（英文：Amphitrite/希腊文：Αμφιτρίτη）原是希腊神话里的海洋女仙，后成为海王波塞冬的夫人。在罗马神话中对应的是尼普顿的妻子莎拉西娅。在赫西奥德的《神谱》里，她是涅柔斯和多里斯的女儿；而根据阿波罗多洛斯，她是大洋之神俄刻阿诺斯和沧海女神泰西丝的女儿。埃拉托色尼（Eratosthenes）则写道，安菲特里忒是巨神阿特拉斯的一个女儿。不过阿波罗多洛斯还是将她算在涅赖德斯（海仙女）内。
忒提丝,海洋女仙，友善海神涅柔斯（Nereus）和大洋神女多里斯（Doris）的女儿，是他们的女儿之中的最贤者。英雄阿喀琉斯的母亲。
塔拉萨,塔拉萨是希腊神话中的海水女神。她是海洋女神，被视为海洋、咸水的化身。因此有时与另一位大海的海之女神、大海第一位女王泰西斯会混同。
哈利亚,哈利亚是希腊神话中与海水有关的一个宁芙或一个女神。
涅柔斯,涅柔斯是希腊神话中的一个海神，蓬托斯（大海）和盖亚（大地）的儿子。赫西奥德的《神谱》中称“由于他值得信赖、和蔼可亲、不忘正义、公正善良，故人们称他‘长者’。”他和水仙女多里斯是海仙女的双亲，他们一家住在爱琴海中。他拥有变身的能力，但不管他如何变化，赫拉克勒斯还是抓住了他，逼他用预言的能力帮助其找到金苹果园。涅柔斯和普罗透斯（“第一”）似乎是宙斯推翻克洛诺斯后由波塞冬取代的古代海神的代表。
陶玛斯,陶玛斯是希腊神话中的海神，为蓬托斯和盖亚的儿子。他和女神厄勒克特拉是哈耳庇厄、许达斯佩斯（Hydaspes）以及伊里丝的父母。
福耳库斯,福耳库斯是古希腊神话中原始海神。常被表现为一个怪物。他代表着海之愤怒，和刻托生下了众多海上妖魔，被称为百怪之父。
刻托,刻托（希腊语：Κητος、“海怪”，英语：Ceto）是古希腊神话中的一个著名海怪，蓬托斯（Pontos）与盖亚（Gaia）之女。在希腊艺术中她被表现为半蛇半鱼，她是叵测的大海给人带来的危险的化身，也是未知的陆地及诡异生物的象征。
欧律比亚,欧律比亚（Eurybia）是古希腊神话中的女海神，象征海的力量。蓬托斯与盖亚之女，提坦克利俄斯之妻。他们生育了阿斯特赖俄斯、珀耳塞斯以及帕拉斯。
格劳克斯,格劳克斯属《神谱》中的其他神祇一员：格劳克斯(Glaucus)：海神，善做预言。据奥维德和希金纳斯所说，格劳克斯爱上了美丽的女巫斯库拉（Scylla），并想让她做他的妻子，但格劳科斯容貌丑陋，当他试图接近斯库拉时，她逃到了陆地上。他向魔女喀尔刻要了一剂药水，让斯库拉爱上他，但喀尔刻却爱上了他。她试图用她最热情、最爱的话语赢得他的心，希望格劳克斯和她在一起。但他回答说，除非树会在海底生长，海草会在最高的山上生长，不然他将一直爱着斯库拉。恼羞成怒的喀尔刻将魔蛇放入斯库拉的浴场，将她变成了六头十二臂的魔女。麦蒂姆纳的尤安西斯和提奥吕图斯也记录了格劳克斯和阿里阿德涅之间的一段关系：根据引用这些作者的雅典人的说法，格劳克斯引诱被忒修斯遗弃阿里阿德涅。狄俄尼索斯接着与格劳克斯争夺阿里阿德涅，并用葡萄藤绑住他的手脚；然而，当后者透露自己的名字和出身时，他释放了格劳克斯。
普罗透斯,"普罗透斯（Πρωτεύς / Proteus）是希腊神话中的一个早期海神，荷马所称的“海洋老人”之一。他的名字可能有“最初”的含义，因为希腊文""protogonos""表示“最早出世的”。最初并没有提及他的家系，直到后来的神话学者才将他归为奥林匹斯神波塞冬的后代，或者是涅柔斯和多里斯之子，或是俄刻阿诺斯同一个放牧海豹的奈阿得斯所生。他有预知未来的能力，但他经常变化外形使人无法捉到他：他只向逮到他的人预言未来。"
特里同,特里同（Τρίτων / Triton）是古希腊神话中海之信使，海王波塞冬和海后安菲特里忒的儿子。特里同[1] 一般被表现为一个人鱼的形象，上半身是人型但带着一条鱼的尾巴。
珀耳塞福涅,珀耳塞福涅（希腊语：Περσεφόνη、拉丁语：Persephone，又译波瑟芬妮、珀瑟芬），是古希腊神话中的冥后，主神宙斯和农业之神德墨忒尔的女儿，冥王哈迪斯的妻子。珀耳塞福涅本身是一个种子女神，所对应的主要是古希腊常用谷物的谷种。当她在冥界时，代表沉睡于黑暗泥土的种子。当她在春天回到地面上时，代表生长女神德墨忒尔的力量唤醒了种子，种子开始苏醒萌芽，掌管季节的荷莱女神们会来迎接珀耳塞福涅回到姐妹之中。
赫卡忒,赫卡忒（英语：Hecate；希腊语：Ἑκάτη）为希腊神话中前奥林匹斯的一个重要的提坦女神，她是一位从近东传入的大女神，她是机遇的三相女神、魔法的女神、鬼魂女皇与地狱女神。根据Bacchylides她是尼克斯的女儿，也有别的说法说她是宙斯与阿斯忒瑞亚之女、或阿斯特赖俄斯之女、或得墨忒耳之女。赫卡忒总是和夜晚、鬼魂、地狱、魔力、巫术和妖术联系在一起。她是著名的不可抗拒的死神、无法战胜或无人能及的女皇，地狱的创建者或管理者，也是妖术、魔女、魔咒和女巫女神，也是极少的未婚女神，她曾经帮助宙斯打败过独眼巨人，所以她有着巨人一般的强大力量，即便是宙斯也要敬畏她三分。在早期，赫卡忒是天空、大地、海洋的大女神。而在晚期，赫卡忒被认为是冥界的女神，象征了世界的阴暗面。
卡戎,卡戎（Χάρων，又译作卡隆），是古希腊神话中冥界的船夫，负责将死者渡过冥河。注意不要和半人马喀戎（Χείρων）相混。
塔那托斯,塔纳托斯（Thanatos），是古希腊神话中的死神，罗马神话中名为Mors。他是睡神修普诺斯的孪生兄弟，其母为黑夜女神倪克斯，两兄弟一起生活于冥界。通常在艺术作品中，比如古希腊瓶画，塔纳托斯的形象是一个长着翅膀、有着胡须的年纪大的男人，但有时也会被画成一个小孩或没有胡子的年轻男人。他有时会戴着头盔。但是也有的说他是一位银发，手持宝剑的美少年，而且有着深色的翅膀。他通常与他的弟弟一起运送死人的躯体。
修普诺斯,修普诺斯（Hypnos，希腊语Ύπνος），是古希腊神话中的睡神，他是死神塔纳托斯的孪生兄弟，其母为黑夜女神倪克斯，两兄弟一起生活于冥界，每当母亲令世界落入黑夜之时，他就会吩咐从者到大地上诱使人类入睡。当他与其无情的兄弟相对时，修普诺斯的性格较为温柔，往往在人的死亡之际，给予其恒久的睡眠。只要他以神力诱使人类，就能使人入睡。而他的催眠术，是人神皆不能相拒的。修普诺斯的妻子，是海仙女中的一位帕西提亚（Pasithea）。
米诺斯,希腊神话中，米诺斯（英文：Minos/希腊文：Μνωα）是克里特之王，宙斯与欧罗巴之子（同时有兄弟拉达曼迪斯及萨尔佩冬）。米诺斯文明又被称作克里特文明。米诺斯的存在现如今仍是神话留给世人的猜测，有人认为他是一名强大的君主，另一些人认为“米诺斯”并非一名君主，而是如同“法老”一样的称号。
拉达曼迪斯,拉达曼迪斯，是日本朝日电视台、东映动画制作的动画《圣斗士星矢冥王篇》中的角色。108名冥斗士中最强的冥界三巨头之一，天猛星的翼龙，冥界三大判官之一，整个冥界军的领导者之一。他独有的战法就是一击定胜负，以压倒性且迅猛的力量不让对手有任何反击的机会。
埃阿科斯,埃阿科斯（Aeacus），宙斯（Zeus）与河流神女埃癸娜（又名埃吉娜，英文名Aegina）之子，珀琉斯（Peleus）和忒拉蒙（Telamon）的父亲，特洛伊战争中希腊主将阿喀琉斯（Achilles）和大埃阿斯（Ajax或者Aias）的祖父（阿喀琉斯为珀琉斯之子，大埃阿斯为忒拉蒙之子），以公正著称。
福柏托耳,伊刻罗斯是希腊神话中的梦神之一，其别名为福柏托耳。神话里为同一神祇，但在艾尔熙德外传却是两位不相同的神，外传中福柏托耳被雅典娜封印，吞噬一座座城市解开封印。
摩耳甫斯,摩耳甫斯（希腊语：Μορφέας），出自古罗马诗人奥维德的《变形记》，是希腊神话中的梦神。他能够在人的梦中化成不同人的形象。古希腊人似乎也相信人死托梦的现象，摩耳甫斯的能力让他专做这种事。
方塔苏斯,方塔苏斯（希腊语：Φαντασός）是希腊神话中的梦神之一。根据《神谱》所述，梦神（希腊语：Ὄνειροι，拉丁语：Somnia）是夜神倪克斯（Νὺξ）所生。而奥维德的《变形记》则说是睡神索姆努斯/许普诺斯（拉丁语：Somnus，希腊语：Ὕπνος）的一百位梦神儿子之中的一位。
玛卡里亚,在神话中叫玛卡里亚的有两个，一个则是希腊神话中赫拉克勒斯与德阿涅拉的女儿，另一个是基督教中冥王哈迪斯的女儿安息女神玛卡里亚。
墨利诺厄,冥府的墨利诺厄是俄耳甫斯密教的一位年轻女神。她戴着藏红花面纱，在夜晚以怪异的形状出没，身姿时隐时现。她的神话由一首赞美诗所展现。
匝格瑞俄斯,扎格柔斯（希腊语：Ζαγρεος，Zagreos/Zagreus），或译匝格瑞俄斯。在埃斯库罗斯的戏剧《西西弗斯》中，他是冥府众客之主哈迪斯的儿子。而在欧里庇得斯的戏剧《克里特人》中，他是夜游的牧民的陪伴者。[1] 5世纪的史诗诗人农诺斯的巨作《狄俄尼索斯谭》中，他由珀耳塞福涅和化龙的宙斯所生，来源于俄耳甫斯密教的狄俄尼索斯。[2] 
堤丰,"堤福俄斯（希腊语：Τυφῶν, Tuphōn；英语： Typhoeus / Typhon / Typhaon / Typhos）。又译堤丰。是希腊神话中象征风暴的泰坦巨人。据《神谱》记载，堤丰为大地之母盖亚之子。传说降生之地在奇里乞亚地区的山洞里。拥有百龙之首、漆黑之舌、喷火之目，身体比天还高，浑身覆有羽毛并生有一对翅膀。提丰与妻子厄喀德那生下了许多可怕的魔怪，如百首巨龙拉冬、九头蛇海德拉、地狱三头犬刻耳柏洛斯、双头犬欧特鲁斯、尼米亚猛狮、狮头羊身怪奇美拉、狮身人面兽斯芬克斯、海怪斯库拉等。"
厄喀德那,厄喀德那（希腊语：Ἔχιδνα；英语：Echidna），是古希腊神话中半人半蛇的怪物。她上半身是美貌的女子，下半身却是蛇的躯体（有时有两条蛇尾）。厄喀德那居住的地点或说是冥界，或说是斯基泰地区，或说是奇里乞亚地下名为阿里马的深不可测的洞穴。她拥有许多为祸人间的子女，著名的有斯芬克斯、海德拉和奇美拉之类的怪兽。厄喀德那最终在熟睡中被百眼巨人阿耳戈斯所杀。
海德拉,海德拉（Hydra），是希腊神话中的九头蛇，传说它拥有九颗头，其中一颗头要是被斩断，立刻又会生出两颗头来。赫拉克勒斯运用他的智慧，成功地击败了巨大水蛇海德拉。
喀迈拉,奇美拉（Chimera），是古希腊神话中的怪物，本义是希腊语“母山羊”的意思，最早出现在《荷马史诗》中，是提丰（Typhon）和厄喀德那（Ἔχιδνα）的孩子。而在《神谱》中，它被认为是地母盖亚（Gaia /Gaea）和冥渊神塔耳塔洛斯（Tartarus）的孩子。它拥有狮子的头，山羊的身躯，和一条蟒蛇组成的尾巴。它的呼吸吐出的都是火焰，最后被柏勒洛丰杀死。
斯芬克斯,斯芬克斯最初源于埃及神话，也常见于西亚神话和希腊神话中，但斯芬克斯在各文明的神话中形象和含义都有不同。[1] 埃及第四王朝的法老哈夫拉按斯芬克斯的形象建造了一座石像，后世称为狮身人面像。[2] 古埃及和古希腊、西亚各个时期的斯芬克斯不尽相同，但是其形象都是由人、狮、牛、鹰共同组成的人兽合体[3] 。
刻耳柏洛斯,刻耳柏洛斯（Cerberus），是古希腊神话中的地狱看门犬。为堤丰与厄喀德那所生。赫西俄德在《神谱》中说此犬有50个头，而后来的一些艺术作品则大多表现它有3个头，因此在汉语语境里，尤其是通俗文化中，常称其为地狱三头犬。其名在古希腊语中没有确定的意思，有一说为“斑点”，也有一说为“黑暗中的恶魔”。赫拉克勒斯把这狗从冥界带到地上后，它在狂吠时从嘴里喷出毒液，毒液所落之处生出了乌头属植物（奥维德在《变形记》里描写，美狄亚用乌头的汁液制成毒剂）。
戈耳工,戈耳工是游戏《Fate/Grand Order》中的4星从者，职阶为Avenger。戈耳工是一名剧情限定从者，其宝具为红卡型群攻宝具。[1] 
格赖埃,中文名：格赖埃希腊文：Γρα?αι， 意为“老妇人”“灰巫女”英语：Graeae是古希腊神话中共用一只眼睛和一颗牙齿的三姐妹。格赖埃是海洋之神福耳库斯和刻托所生，三姐妹的名称分别为：佩佛瑞多（Πεφρηδώ），意为“刻毒”。厄倪俄（Ενυώ），意为“暴戾”。得诺（δύο），意为“恐怖”。另外，在古罗马作家许癸努斯的描述下还增加了第四个名称珀耳西斯。埃斯库罗斯说，格赖埃三姐妹轮流使用一只眼睛和一颗牙齿。她们也与戈尔工是姐妹，英雄珀尔修斯在杀戈尔工美杜莎的故事中骗走了她们的眼睛，迫使她们告诉他戈尔工的住所。此外，在书库的记载中，珀尔修斯还迫使她们告知了某宁芙仙女的的住所，在那里他得到了隐身帽和飞鞋。
拉冬,拉冬（Ladon），是希腊神话中的怪物，看守金苹果的百头巨龙，堤丰和厄喀德那所生。赫拉克勒斯借扛天巨人之手诱巨龙睡着，杀死巨龙并偷得了金苹果。
塞壬,塞壬（Siren），是古希腊神话中人首鸟身的怪物，别名阿刻罗伊得斯，意即“阿刻罗俄斯的孩子们”。塞壬用自己的歌喉使得过往的水手倾听失神，航船触礁沉没。经常徘徊在海中礁石或船舶之间，又被称为海妖。塞壬来源自古老的希腊神话传说，在神话中的她被塑造成一名人面鸟身的海妖，飞翔在大海上，拥有天籁般的歌喉，常用歌声诱惑过路的航海者而使航船触礁沉没，船员则成为塞壬的腹中餐。
珀伽索斯,珀伽索斯（Pegasus，希腊文Πήγασος），是希腊神话中最著名的奇幻生物之一，美杜莎与海神波塞冬所生，角色是马神。
克律萨俄耳,克律萨俄耳是希腊神话中的一个人物，为波塞冬与美杜莎所生的怪物，飞马珀伽索斯的兄弟。在美杜莎被杀后，从她脖子喷出的血中出现。
弥诺陶洛斯,弥诺陶洛斯（Minotaur），是古希腊神话中的牛头人。是克里特国王弥诺斯之妻帕西淮与克里特公牛发生反常性关系而生出来的怪物。弥诺斯在克里特岛为它修建了一个迷宫。
斯库拉,"斯库拉（Scylla /ˈsɪlə/, 或者称为Skylla，在希腊语中称为 Σκύλλα，来自于希腊语动词σκύλλω“撕碎、扯破”），是希腊神话中吞吃水手的女海妖。她的身体有六个头十二只脚，并且有猫的尾巴。她守护在墨西拿海峡的一侧，这个海峡的另一侧有名为卡律布狄斯（Charybdis）的漩涡。船只经过该海峡时只能选择经过卡律布狄斯漩涡或者是她的领地。而当船只经过时她便要吃掉船上的六名船员。"
拉弥亚,拉弥亚（希腊语：Λ?μια），是古希腊神话中一头半人半蛇的女性怪物，亦是在西方以猎杀小孩闻名的蛇妖。在古希腊、罗马的神话中，有很多像拉弥亚般有着杀害孩童举动的女妖，而拉弥亚的特征正在于其上半身为娇艳女性，下半身却是蛇类。其名字拉弥亚来自希腊语“Λ?μιο?”，意指“食道”，象征“贪欲”，描述拉弥亚吞食儿童的形象。
哈耳庇厄,哈耳庇厄（古希腊语：Ἅρπυια，复数：Ἅρπυιαι，字面意思为“强盗，贼”；派生自希腊语单词ἅρπαξ，意为“抢夺”），希腊神话中的一种怪物。即所谓的鹰身女妖。通常认为，哈耳庇厄是海神陶玛斯和大洋神女厄勒克特拉所生（因此是彩虹女神伊里斯的姐妹）；也有说法认为它们是堤丰与厄客德娜所生。哈耳庇厄的数量不确定，在1至5个之间。
赫墨拉,赫墨拉（Hemera），白昼女神，厄瑞波斯与尼克斯之女。
厄里斯,厄里斯（希腊文：Ἔρις；英文：Eris，意为“不和”）是希腊神话中专司不和的女神，她在罗马神话中被称为Discordia。荷马和赫西俄德对她有不同的描写：在《伊利亚特》中她是战神阿瑞斯的姊妹、宙斯和赫拉的女儿（厄倪俄有时会与厄里斯混同），在敌对双方间散布着痛苦和仇恨；在《神谱》和《工作与时日》中她则是倪克斯和克洛诺斯的女儿。她最著名的故事是“金苹果之争”。
摩罗斯,在古希腊神话中摩罗斯，又名摩洛斯（古希腊语：Μόρος，意为“命运”或“注定要死”）是司命运的代蒙（精灵）。他的另一个名字是俄勒特罗斯（Ολεθρος，意为“毁灭，死亡”）。摩罗斯（Μόρος‎）的名字实际上是命运女神摩伊赖（Μοῖραι）的名字的阳性形式。
刻瑞斯,克瑞斯（拉丁语：Cĕrēs、英语：Ceres） ，是罗马神话中的农业和丰收女神，罗马十二主神之一。对应希腊神话中的德墨忒尔。克瑞斯是朱庇特的姐姐，也是西方是最受欢迎的神祇之一。她教会人类耕种，给予大地生机。她具有无边的法力，可以使土地肥沃、植物茂盛、五谷丰登，也可以令大地枯萎、万物凋零、寸草不生。可以让人拥有享之不尽的财富，同时也可以让人家徒四壁、一贫如洗。
摩墨斯,摩墨斯（希腊名：μῶμος，引申自μομφή，意为谴责）是古希腊神话中嘲弄，谴责，讽刺的拟人化神，同时也是作家和诗人的守护神，热衷谴责和诽谤。在古典艺术中常被刻画为带着嘲弄面具极为毒舌之人。
卡尔,卡尔，原名：Ker，希腊神话里的人神魔之一破坏毁灭神。
俄匊斯,希腊神话中穷困，忧伤和焦虑的人格化。依据赫西俄德的《神谱》[1] 她是夜女神倪克斯的女儿，在罗马她被称弥塞里亚（Miseria）。
涅墨西斯,涅墨西斯（希腊语：Νέμεσις，意为“复仇”；英语：Nemesis，“报应”）为希腊神话中人格化为冷酷无情的复仇女神。亦称为拉姆诺斯的女神（Rhamnousia/Rhamnusia），她又名阿德剌斯忒亚，意为“不可避免之人”。其神殿位于马拉松以北的拉姆诺斯。
阿帕忒,阿帕忒，希腊神话中的人物，她在罗马神话中对应为福劳斯（Fraus）。
菲罗忒斯,菲罗忒斯（希腊语：Φιλότης 英语：Philotes）是希腊神话中代表友爱和爱慕的女神，是友谊之神，淫神（性欲淫乱之神），倪克斯之女。
革剌斯,革剌斯（ 英语 Geras） 意为“老年[1] ”在希腊神话中是代表衰老的神，年龄之神；由夜神倪克斯所生。 他在罗马神话中对应的是塞涅克图斯（Senectus），他的对立者是青春女神赫柏。
卡喀亚,卡喀亚是古希腊神话中（罪恶或是犯罪）的拟人化神，倪克斯之女。
欧律诺摩斯,欧律诺摩斯（Ευρυνομος，Eurynomos/Eurynomus，「广为统治」）古希腊神话中腐烂的拟人化神；倪克斯之子，煞神刻瑞斯（Keres）之一。
斯堤克斯,古希腊神话中冥府斯堤克斯河的女神，也是誓言、憎恨的女神。依据赫西俄德的《神谱》[1] ，她是欧申纳斯（俄刻阿诺斯）和泰西斯（忒堤斯）的长女。在提坦之战中遵循明智的父亲的建议，和她的孩子尼刻（奈姬）、克拉托斯、仄罗斯和比亚最先来到奥林匹斯 ，她是奥林匹斯的坚定盟友，宙斯赋予她的斯堤克斯河对所有神的誓言具有约束力。
克吕墨涅,克吕墨涅（Clymene）是古希腊神话中的名望女神。在赫西俄德《神谱》中，她被认为是大洋神女之一，俄刻阿诺斯（Oceanus）与泰西斯（Tethys）之女。但在其他一些版本里，认为克吕墨涅属于十二提坦神之一。
墨提斯,墨提斯（美狄丝）（古希腊语：Μῆτις，英语：Metis）大洋神女之一，原始智慧[1] 女神，宙斯的第一位妻子 ；或墨勒斯的海洋神女。[2] 希腊神话中一般是指欧申纳斯（俄刻阿诺斯）和泰西斯的女儿[3-4] ，大洋神女，智慧与思想女神，雅典娜、波洛斯之母[3] 。赫西俄德称她是所有神和人中最为聪慧的、正义的策划者。有时也指墨勒斯的海洋神女[5] 。
欧律诺墨,欧律诺墨[1] （希腊语：Εὐρυνόμη；英语：Eurynome）是希腊神话中的大洋神女之一，水草牧场女神。她是绕地环河之神俄刻阿诺斯与海之女神始祖泰西斯的女儿，为宙斯的第三位妻子，与宙斯生有著名的美惠三女神。罗伯特·格雷夫斯的著作《希腊神话》中写到，在古希腊土著皮拉基人的神话传说中，欧律诺墨被视为是从混沌之神卡俄斯中诞生而出的创世大女神。然而这完全只是他的个人发明[2-3] 。
狄俄涅,希腊神话中在多多纳地区发布神谕的女神，三千大洋神女（Oceanid）之一。她的名字是宙斯的阴性格式。在荷马史诗中，狄俄涅是爱和美神阿佛洛狄忒的母亲，宙斯的妻子。在忒斯普洛提亚的多多纳最受崇拜，后来的神话中她和赫拉混同，或是居住在吕底亚绪皮罗斯山的水泽神女。
帕西提亚,帕西提亚（Pasithea），是希腊神话中睡神修普诺斯的妻子。公元前1250年，特洛伊爆发了一场人神共同参与的战争，战况尤为惨烈，女神赫拉为了帮助希腊人，命令修普洛斯去催眠宙斯。但起初修普诺斯不敢对众神之王催眠。赫拉于是许诺事成之后，会送他一个年轻的美惠女神帕西提亚做妻子。修普诺斯于是遵照了赫拉的命令。醒来的宙斯勃然大怒，神罚了修普洛斯，晕厥中的修普洛斯从高空坠落而下。
珀耳塞伊斯,珀耳塞伊斯（Περσηίς，Persēis，Perseis）：焚烧仙女，大洋神俄刻阿诺斯和与沧海女神泰西斯（Tethys）的女儿，大洋神女之一。名字意为“焚烧”或“毁灭”。
普勒俄涅,普勒俄涅（希腊语：Πληιόνη）是三千位俄刻阿尼得斯宁芙女神的其中之一。根据奥维德的纪年表（《Fasti》），她是俄刻阿诺斯及忒堤斯的女儿。她住于希腊南部的阿耳卡狄亚的基利尼山（Mount Kyllini；又作库勒涅山，Mount Cyllene）。她嫁予阿特拉斯，并诞下、许阿斯、卡吕普索、许阿得斯七姊妹及普勒阿得斯七姊妹。[1] 
普罗诺亚,普罗诺亚是希腊神话中的形象，俄刻阿诺斯和忒堤斯之女，大洋神女之一，远见女神。二代泰坦神普罗米修斯之妻。
多丽斯,多丽斯(Doris)，海洋女神，名字意为“海洋的馈赠”。
厄勒克特拉,《厄勒克特拉》，男，独幕歌剧，霍夫曼斯塔尔编剧，理查·施特劳斯(Richard Strauss)谱曲，1909年1月25日在德国德累斯顿歌剧院首次公演。此剧是理查·施特劳斯与霍夫曼斯塔尔密切合作的开端。
菲吕拉,菲吕拉是希腊神话中的一名水仙女，是俄刻阿诺斯与泰西斯的女儿。她嫁予瑙普利俄斯，诞下许多儿女。她与克洛诺斯诞下喀戎。由于她觉得喀戎长得恶心，便在产后把他遗弃。她是香水、写作、治愈、美丽和纸张的女神，也是教会人类制造纸张的女神。
堤喀,"堤喀· Tyche,希腊宗教中的命运女神，后来混同於罗马的福尔图娜； 她往往随意把好运和恶运分配给人。希腊诗人赫西奥德把她说成是提坦神俄刻阿诺斯和他的妻子忒堤斯生的女儿；另一些作家则认为她的父亲是最高的天神宙斯。她常常和善神阿格忒斯·岱蒙一起行动，保护每一个人和家庭，同时也作为温和的惩罚人的代表。她常常以长着翅膀，头戴皇冠，手持聚宝盆的形象出现；但有时她又是蒙着眼睛的，代表各种欲望都存在着风险与不定。据说在她阿尔戈斯的神庙里，传说中的帕拉墨得斯曾说要将他发明的第一套骰子献祭给她。"
涅斐勒,涅斐勒是希腊神话中一朵貌似赫拉的云。在一次宴会上拉比斯（Lapith）的国王伊克西翁调戏神后赫拉。宙斯使赫拉隐身，塑造了涅斐勒来取代赫拉。
克洛里斯,在古希腊神话中，有四人使用克洛里斯（Chloris）的名字。克洛里斯（亦称“greenish”）是春天、花卉和自然女神。她嫁给西风神仄费罗斯（Zephyrus）并生了三个孩子，分别是：Ampyx、Mopsus和Carpus。她在罗马神话中的名字是佛洛拉（Flora）。
伊里丝,在希腊神话中，伊里丝（代词：/ aɪ ŗ，ɨ Ş / Ἶρις）是人格化的彩虹女神和众神的使者，陶玛斯（Thaumas）和厄勒克特拉（Electra）的女儿，她也被称为大海和天空的女神之一。伊里丝为人类神灵，她带着风的速度可以从世界的这一端到另一端，[1] 甚至是到大海及冥界深处，不亚于赫耳墨斯神使的职责，但主要为赫拉所用。
阿尔刻,阿尔刻是希腊神话与传说中的霓虹女神，是陶玛斯和厄勒克特拉的女儿，伊里斯和哈耳皮埃的妹妹。
艾斯特莱雅,艾斯特莱雅即 阿斯翠亚：Astraia（意即“星女”）（罗马又称Astraea），正义女神、群星女神、纯洁女神。其形象是一个生有羽翼，手持火炬，散发璀璨光芒的少女。她在黄金时代与人类居住在一起，原本被派到人间来掌管及审判是非善恶，后来因为看尽人间，回到了天庭，化作室女星座，也有说是宙斯命她回到星辰之上。因此阿斯翠亚又叫“维耳戈”，即“处女”之意，是处女座的女神。
尼刻,尼凯是希腊神话中的胜利女神，传说她曾协助宙斯战胜提坦巨人，给人们带来了胜利。在西方艺术中常以身生双翼，携带橄榄枝的形象出现。
比亚,保罗·比亚（英语、法语：Paul Biya，1933年2月13日—，穆梅卡），喀麦隆第二任总统、政治家、外交家、国务活动家。出身喀麦隆南方部族，1975年6月30日——1982年11月6日任喀麦隆总理；1982年11月6日任喀麦隆总统。1983到1984年他在权力斗争中巩固了总统地位，并迫使其前任阿希乔流亡国外。20世纪80年代初，他在一党制的体制框架内做了一些政治、经济改革，20世纪90年代初，迫于国内外压力，他接受政治多元化，实行多党民主。1992年他以超过40%的简单多数勉强赢得总统大选，在“民主化”浪潮中保住了政权，之后他进一步强化威权主义统治，并在1997年、2004年和2011年以压倒性的绝对优势蝉联总统。而国内的反对派和西方国家则宣称在这些选举投票中存在着违法和欺骗行为。他领导的喀麦隆与前殖民宗主国法国保持着良好的关系，“Francafrique”政策（即“法非特殊关系”之意）是其外交政策的基石。2009年，美国新闻杂志《Parade》将他列为“世界前20名独裁者”的第19位。
仄罗斯,仄洛斯：他是泰坦神帕拉斯（Pallas）和斯梯克斯的儿子，也是尼刻（胜利）、比亚（暴力）和克拉托斯（力量）的兄弟。
克拉托斯,"克拉托斯（希腊语：Κράτος，力量；英语：Kratos, Cratus, Cratos）是希腊神话中拟人化的“力量”。罗马称作波忒斯塔斯（Potestas）。"
阿忒,阿忒（Ate），希腊神话的蛊惑女神（引诱人或神失去理智而发狂的女神）。
波洛斯,波洛斯（希腊语：Πορος；拉丁语：Poros）是古希腊神话中的机遇与造物之神。帕拉图的《会饮篇》给出了他的形象特点。他和厄洛斯——那个赤身裸体的小男孩很相似，是一个无可非议的美少年。他机智勇敢，热爱智慧，喜欢探索新鲜和美好的事物，十分能干，是个很有本事的猎手、巫术的能手。是一个化万物的造物与发明之神，波洛斯的母亲是墨提斯。
赫柏,赫柏（希腊语:Ἥβη；英语：Hebe），是古希腊神话中的青春女神，宙斯与赫拉之女，她在罗马称作禹文塔斯（Juventas）。也是奥林匹斯山诸神的斟酒官，在每次宴会中，由她替诸神斟酒，而这些酒会使诸神心花怒放，永葆青春活力，并永无倦意。后来她嫁给升上天界的大力神赫拉克勒斯。而斟酒官一职，宙斯则从人间找来年轻英俊的特洛伊王子伽倪墨得斯代替她。
厄勒梯亚,厄勒梯亚[1] （希腊语：Εἰλείθυια）是希腊神话中专为妇女或神灵催生子女的助产女神之一，罗马又称卢西娜（Lucina）。根据赫西俄德《神谱》所述，厄勒梯亚是第三代神王神后宙斯与赫拉的女儿。[2] 
厄倪俄,厄倪俄（希腊语：Ένυώ）希腊神话中象征战争的残忍的女神，经常作为阿瑞斯的陪伴出现，被认为是阿瑞斯的孪生姐妹或者妻子。据说在特洛伊被攻陷的那天，她醉饮遍野的鲜血，兴之所至，在城中舞成一股飓风。她的称号是“城镇的终结者”，经常表现为身披鲜血，手拿武器。她有时被与同名的福耳库斯和刻托的女儿格赖埃之一错误混淆。她的罗马神话对应者贝罗纳（Bellona）更为有名，被当做是马尔斯的妻子，是朝野崇拜的对象，
哈耳摩尼亚,哈耳摩尼亚（Harmonia）是希腊神话中代表和谐和协调的女神。是战神阿瑞斯和爱与美的女神阿佛洛狄忒的女儿。在罗马神话中对应的神祇为孔科耳狄亚（Concordia），哈耳摩尼亚的对头是厄里斯（Eris）。[1] 
得摩斯,得摩斯是古希腊神话中象征恐惧的拟人化神，战神阿瑞斯和阿佛洛狄忒之子。家门口人。
福波斯,福波斯（古希腊语：Φόϐος，英文Phobos，字面意思为“惊恐”）是古希腊神话中象征战争带来的恐惧的拟人化神。常与光明神阿波罗别名福玻斯(Phoebus)混淆。
安忒洛斯,安忒洛斯（希腊语：Ἀντέρως，拉丁语：Anterōs）是希腊神话中的相爱之神，为相爱与温情的象征。战神阿瑞斯和爱神阿佛洛狄忒的儿子，厄洛斯的兄弟。[1] 小行星1943正是以安忒洛斯之名命名。
许墨奈俄斯,许墨奈俄斯（Ύμεναιος，Hymenaios/Hymenaeus，「婚曲」）：婚礼之神，酒神狄俄尼索斯（Dionysus）与爱情女神阿佛洛狄忒（Aphrodite）之子。罗马称作塔拉西俄（Talassio）。
普里阿普斯,普里阿普斯（古希腊文：Πρίαπος 英文：Priapus）是希腊神话中的生殖之神。罗马称作卢提努斯（Lutinus）.
赫马佛洛狄忒斯,赫马佛洛狄忒斯（希腊语：Ἑρμαφρόδιτος，一译赫耳玛佛洛狄忒、黑姆佛洛狄特），是希腊神话中的一位阴阳神，为赫尔墨斯和阿佛洛狄忒之子，也是厄洛斯之一。他的名字是父母姓名的结合体。赫马佛洛狄忒斯通常以带有男性生殖器的少女形象出现。他的名字也是西方语言“雌雄同体”的来源。
潘,"潘（Pan, 古希腊语：Πάν），是希腊神话里的牧神，掌管牧羊、自然、山林乡野，伴随潘的是自然宁芙。牧神潘是赫尔墨斯的儿子，Πάν的意思就是“一切”。他有着人一样的头和身躯，山羊的腿、角和耳朵。潘的外表后来被欧洲中世纪时期天主教妖魔化成为恶魔的原形。潘喜欢吹排箫，他吹的排箫具有催眠的力量。潘生性极其好色，经常藏匿在树丛之中，等待自然宁芙们经过，然后上前求爱。在古希腊神话中，半人半羊的潘是创造力、音乐、诗歌与性爱的象征，同时也是恐慌与噩梦的标志。潘同时也是摩羯座的守护神。"
普绪喀,圣经里仿佛预见了花美男，上演一出蝶与花。有一位非常美丽的公主叫普绪喀她的美貌令维纳斯很是嫉妒。于是，维纳斯派自己的儿子丘比特来到人间，让他把爱情之剑射向普绪喀，以便能让她爱上一个贫民，饱受心灵的煎熬。但是在爱神见到公主的那一刻，他大概不小心用剑划伤了自己。丘比特自己中了爱情的魔力。他劫走了普绪喀，把她安置在一座宫殿里，每天晚上都去看她。他要求美丽的公主答应他一个条件，就是永远不能看到他的真面目，否则会失去他。
赫多涅,赫多涅（Ἡδονή，Hêdonê/Hedone）指的是「欢愉」女神，爱神厄洛斯（Eros）与灵魂女神普绪喀（Psyche）之女。她代表快乐、愉悦和享受，在罗马被叫做沃路普塔斯（Voluptas）。
阿斯克勒庇俄斯,阿斯克勒庇俄斯（Ασκληπιος，Asklêpios/Asclepius，「切破」）是医师，光明神阿波罗（Apollo）和塞萨利公主科洛尼斯（Coronis）之子，一说是阿波罗和克吕墨涅之子。
普路托斯,"普路托斯（Πλουτος,，Ploutos/Plutus）：「财」神，谷母神得墨忒耳（Demeter）与英雄伊阿西翁（Iasion）之子。"
阿多尼斯,阿多尼斯（Adonis），春季植物之神，王室美男子，如花一般俊美精致的五官，令世间所有人与物，在他面前都为之失色，阿佛洛蒂忒都倾心不已，他是一个从近东传来，每年死而复生，永远年轻，代表春天的植物的神灵，他是一个受女性崇拜的神。现代阿多尼斯这个词常被用来描写一个异常美丽、有吸引力的年轻男子。阿多尼斯是西方“美男子”的最早出处。[1] 
阿刻罗俄斯,阿刻罗俄斯：希腊神话中，阿刻罗俄斯是有“银色漩涡”之称的Achelous River（位于希腊西部的一条河，为希腊境内最大的河流，最终流入爱奥尼亚海）的守护神。
斯卡曼德洛斯,斯卡曼德洛斯：有两个意思，一是河流名称，二是河神名字；通常也被称为克珊托斯，描述的都是同一个意思。
喀耳刻,喀耳刻（英语：Circe），或译为瑟茜。 希腊神话中的巫术女神、魔女之神，隐居在埃埃亚岛上的著名女巫。她是太阳神赫利俄斯（Helios）与大洋神女之一的焚烧仙女珀耳塞伊斯（Perseis）的女儿，是科尔基斯国王埃厄忒斯和帕西法厄的姐妹，女巫美狄亚的姑妈。
卡吕普索,卡吕普索（Calypso）古希腊语词义为“我将隐藏”。她是希腊神话中的海之女神，是扛起天穹的巨人阿特拉斯的女儿。她将奥德修斯困在她的奥杰吉厄岛上七年。英文Calypso也用来称呼土星的天然卫星，是该行星的第十四颗卫星。据说是被自己的父亲阿特拉斯囚禁在岛上。卡吕普索所受到的惩罚就是：命运女神每过一段时间就送一个需要帮助的英雄，但送来的英雄都不可能留下，卡吕普索偏偏陷入爱河。
琉喀忒亚,琉喀忒亚(Leucothea)：海中女神；波塞冬将俄底修斯的船打碎后，她曾搭救俄底修斯。 是古希腊中的女神，非常美丽，传说只要遇见她，就会有好运。
阿玛耳忒亚,阿玛耳忒亚，人名。神话人物。Amalthea是木卫五的名字，山羊阿玛耳忒亚曾在宙斯婴儿时守护他。
